"","pitch_type","game_date","release_speed","release_pos_x","release_pos_z","player_name","batter","pitcher","events","description","spin_dir","spin_rate_deprecated","break_angle_deprecated","break_length_deprecated","zone","des","game_type","stand","p_throws","home_team","away_team","type","hit_location","bb_type","balls","strikes","game_year","pfx_x","pfx_z","plate_x","plate_z","on_3b","on_2b","on_1b","outs_when_up","inning","inning_topbot","hc_x","hc_y","tfs_deprecated","tfs_zulu_deprecated","fielder_2","umpire","sv_id","vx0","vy0","vz0","ax","ay","az","sz_top","sz_bot","hit_distance_sc","launch_speed","launch_angle","effective_speed","release_spin_rate","release_extension","game_pk","pitcher_1","fielder_2_1","fielder_3","fielder_4","fielder_5","fielder_6","fielder_7","fielder_8","fielder_9","release_pos_y","estimated_ba_using_speedangle","estimated_woba_using_speedangle","woba_value","woba_denom","babip_value","iso_value","launch_speed_angle","at_bat_number","pitch_number","pitch_name","home_score","away_score","bat_score","fld_score","post_away_score","post_home_score","post_bat_score","post_fld_score","if_fielding_alignment","of_fielding_alignment","barrel"
"1","CH",2019-04-03,88.3,-1.34,5.54,"Jacob deGrom",595453,594798,"strikeout","swinging_strike",NA,NA,NA,NA,14,"Chad Wallach strikes out swinging.  ","R","R","R","MIA","NYM","S","2","null",3,2,2019,-1.35,0.41,0.27,1.62,NA,NA,NA,2,7,"Bot",NA,NA,NA,NA,621512,NA,"190404_002011",6.9191242291789,-128.608932207756,-4.41609034760999,-16.7754533135731,26.842421758743,-26.769149097272,3.74,1.81,NA,NA,NA,89.7,1773,7.1,567365,594798,621512,624413,429664,605204,642708,607043,542979,624424,-1.34,"null","null","0.00","1","0","0","null",56,6,"Changeup",0,4,0,4,4,0,0,4,"Standard","Standard",0
"2","FF",2019-04-03,97.9,-1.31,5.6,"Jacob deGrom",595453,594798,"null","ball",NA,NA,NA,NA,14,"null","R","R","R","MIA","NYM","B","null","null",2,2,2019,-0.48,1.52,1.34,2.28,NA,NA,NA,2,7,"Bot",NA,NA,NA,NA,621512,NA,"190404_001956",8.3555178351684,-142.327829389827,-7.04634881435618,-8.65456347396244,34.1792391834568,-9.7628465056463,3.74,1.81,NA,NA,NA,98.4,2398,6.7,567365,594798,621512,624413,429664,605204,642708,607043,542979,624424,-1.31,"null","null","null","null","null","null","null",56,5,"4-Seam Fastball",0,4,0,4,4,0,0,4,"Standard","Standard",0
"3","CH",2019-04-03,87.2,-1.38,5.54,"Jacob deGrom",595453,594798,"null","swinging_strike",NA,NA,NA,NA,8,"null","R","R","R","MIA","NYM","S","null","null",2,1,2019,-1.29,0.34,-0.23,2.23,NA,NA,NA,2,7,"Bot",NA,NA,NA,NA,621512,NA,"190404_001935",5.60197087654803,-126.982273210979,-2.55047099208976,-15.5167970609542,26.3579066070733,-28.055232748981,3.69,1.69,NA,NA,NA,88.6,1768,7.2,567365,594798,621512,624413,429664,605204,642708,607043,542979,624424,-1.38,"null","null","null","null","null","null","null",56,4,"Changeup",0,4,0,4,4,0,0,4,"Standard","Standard",0
"4","CH",2019-04-03,88.7,-1.4,5.61,"Jacob deGrom",595453,594798,"null","swinging_strike",NA,NA,NA,NA,14,"null","R","R","R","MIA","NYM","S","null","null",2,0,2019,-1.12,0.64,0.31,1.59,NA,NA,NA,2,7,"Bot",NA,NA,NA,NA,621512,NA,"190404_001920",6.66242039144069,-129.103973047124,-5.21380145853272,-14.1545197462665,27.2049482497432,-23.9526514752756,3.65,1.72,NA,NA,NA,89.8,1720,7,567365,594798,621512,624413,429664,605204,642708,607043,542979,624424,-1.4,"null","null","null","null","null","null","null",56,3,"Changeup",0,4,0,4,4,0,0,4,"Standard","Standard",0
"5","FF",2019-04-03,96.2,-1.53,5.73,"Jacob deGrom",595453,594798,"null","ball",NA,NA,NA,NA,11,"null","R","R","R","MIA","NYM","B","null","null",1,0,2019,-0.35,1.52,-0.92,3.37,NA,NA,NA,2,7,"Bot",NA,NA,NA,NA,621512,NA,"190404_001903",2.42170506498892,-140.04772322946,-4.16889466986156,-5.18075396772468,33.9780020765956,-11.2371233548236,3.69,1.74,NA,NA,NA,96.8,2380,6.8,567365,594798,621512,624413,429664,605204,642708,607043,542979,624424,-1.53,"null","null","null","null","null","null","null",56,2,"4-Seam Fastball",0,4,0,4,4,0,0,4,"Standard","Standard",0
"6","SL",2019-04-03,94.1,-1.4,5.66,"Jacob deGrom",595453,594798,"null","ball",NA,NA,NA,NA,14,"null","R","R","R","MIA","NYM","B","null","null",0,0,2019,0.18,0.62,1.02,1.58,NA,NA,NA,2,7,"Bot",NA,NA,NA,NA,621512,NA,"190404_001850",5.94599305582839,-137.017523566335,-6.40587457248617,1.01283040652971,29.9643122598034,-22.9692173646221,3.74,1.76,NA,NA,NA,95.6,2417,7.1,567365,594798,621512,624413,429664,605204,642708,607043,542979,624424,-1.4,"null","null","null","null","null","null","null",56,1,"Slider",0,4,0,4,4,0,0,4,"Standard","Standard",0
"7","CH",2019-04-03,88.2,-1.26,5.6,"Jacob deGrom",621446,594798,"strikeout","swinging_strike",NA,NA,NA,NA,7,"Lewis Brinson strikes out swinging.  ","R","R","R","MIA","NYM","S","2","null",2,2,2019,-1.2,0.65,-0.54,2.25,NA,NA,NA,1,7,"Bot",NA,NA,NA,NA,621512,NA,"190404_001821",4.36469983418737,-128.517798841605,-3.49016203032306,-14.525675338068,26.5960322316418,-24.2703326053765,3.65,1.74,NA,NA,NA,89.6,1696,7.1,567365,594798,621512,624413,429664,605204,642708,607043,542979,624424,-1.26,"null","null","0.00","1","0","0","null",55,5,"Changeup",0,4,0,4,4,0,0,4,"Standard","Standard",0
"8","SL",2019-04-03,93.8,-1.23,5.67,"Jacob deGrom",621446,594798,"null","ball",NA,NA,NA,NA,14,"null","R","R","R","MIA","NYM","B","null","null",1,2,2019,0.16,0.72,1.73,1.11,NA,NA,NA,1,7,"Bot",NA,NA,NA,NA,621512,NA,"190404_001801",7.36371053172613,-136.374271069838,-7.77111026550399,0.406077696230621,30.9201283426958,-21.3708817072484,3.67,1.69,NA,NA,NA,94.8,2425,7,567365,594798,621512,624413,429664,605204,642708,607043,542979,624424,-1.23,"null","null","null","null","null","null","null",55,4,"Slider",0,4,0,4,4,0,0,4,"Standard","Standard",0
"9","CH",2019-04-03,90.1,-1.38,5.63,"Jacob deGrom",621446,594798,"null","swinging_strike",NA,NA,NA,NA,13,"null","R","R","R","MIA","NYM","S","null","null",1,1,2019,-1.22,0.56,-0.33,1.08,NA,NA,NA,1,7,"Bot",NA,NA,NA,NA,621512,NA,"190404_001743",5.33521418129764,-131.17591909526,-6.62906137918818,-15.5059893690253,27.8719867323112,-24.4099870733212,3.72,1.69,NA,NA,NA,91.2,1749,7,567365,594798,621512,624413,429664,605204,642708,607043,542979,624424,-1.38,"null","null","null","null","null","null","null",55,3,"Changeup",0,4,0,4,4,0,0,4,"Standard","Standard",0
"10","SL",2019-04-03,92.8,-1.46,5.71,"Jacob deGrom",621446,594798,"null","swinging_strike",NA,NA,NA,NA,14,"null","R","R","R","MIA","NYM","S","null","null",1,0,2019,0.28,0.59,0.94,1.69,NA,NA,NA,1,7,"Bot",NA,NA,NA,NA,621512,NA,"190404_001725",5.5438372442253,-135.067760924787,-5.85259431872852,2.29580176334276,28.9475574041129,-23.8289189851566,3.74,1.72,NA,NA,NA,93.3,2366,6.6,567365,594798,621512,624413,429664,605204,642708,607043,542979,624424,-1.46,"null","null","null","null","null","null","null",55,2,"Slider",0,4,0,4,4,0,0,4,"Strategic","Standard",0
"11","FF",2019-04-03,96.3,-1.42,5.7,"Jacob deGrom",621446,594798,"null","ball",NA,NA,NA,NA,14,"null","R","R","R","MIA","NYM","B","null","null",0,0,2019,-0.34,1.52,1.13,2.41,NA,NA,NA,1,7,"Bot",NA,NA,NA,NA,621512,NA,"190404_001701",7.40109568249777,-139.777153236398,-6.38404697467906,-6.03716061123752,32.2650621426994,-11.487824550258,3.79,1.79,NA,NA,NA,95,2378,5.7,567365,594798,621512,624413,429664,605204,642708,607043,542979,624424,-1.42,"null","null","null","null","null","null","null",55,1,"4-Seam Fastball",0,4,0,4,4,0,0,4,"Standard","Standard",0
"12","CH",2019-04-03,89.4,-1.42,5.61,"Jacob deGrom",595375,594798,"strikeout","swinging_strike",NA,NA,NA,NA,13,"JT Riddle strikes out swinging.  ","R","L","R","MIA","NYM","S","2","null",2,2,2019,-1.3,0.1,-0.86,2.36,NA,NA,NA,0,7,"Bot",NA,NA,NA,NA,621512,NA,"190404_001630",4.24474150545347,-130.35591492734,-2.28230715030551,-16.0112710346674,27.193195260421,-30.739425465786,3.56,1.74,NA,NA,NA,90.8,1761,7,567365,594798,621512,624413,429664,605204,642708,607043,542979,624424,-1.42,"null","null","0.00","1","0","0","null",54,8,"Changeup",0,4,0,4,4,0,0,4,"Standard","Standard",0
"13","SL",2019-04-03,92.9,-1.68,5.64,"Jacob deGrom",595375,594798,"null","foul",NA,NA,NA,NA,7,"null","R","L","R","MIA","NYM","S","null","null",2,2,2019,0.23,0.52,-0.72,1.95,NA,NA,NA,0,7,"Bot",NA,NA,NA,NA,621512,NA,"190404_001611",1.95288150170383,-135.390047335635,-4.88294509970758,2.49379584230249,29.2558290451662,-24.8431489873846,3.56,1.72,NA,NA,NA,93.6,2374,6.6,567365,594798,621512,624413,429664,605204,642708,607043,542979,624424,-1.68,"null","null","null","null","null","null","null",54,7,"Slider",0,4,0,4,4,0,0,4,"Standard","Standard",0
"14","FF",2019-04-03,95.6,-1.42,5.69,"Jacob deGrom",595375,594798,"null","foul",NA,NA,NA,NA,12,"null","R","L","R","MIA","NYM","S","null","null",2,2,2019,-0.51,1.36,0.19,4.1,NA,NA,NA,0,7,"Bot",NA,NA,NA,NA,621512,NA,"190404_001551",5.54126418746179,-139.297098283603,-1.73104267364475,-8.10201849048284,33.7364789874547,-13.784142264316,3.56,1.74,265,NA,NA,97.1,2306,7.3,567365,594798,621512,624413,429664,605204,642708,607043,542979,624424,-1.42,"null","null","null","null","null","null","null",54,6,"4-Seam Fastball",0,4,0,4,4,0,0,4,"Standard","Standard",0
"15","CU",2019-04-03,85,-1.38,5.76,"Jacob deGrom",595375,594798,"null","foul",NA,NA,NA,NA,9,"null","R","L","R","MIA","NYM","S","null","null",2,2,2019,0.48,-0.08,0.47,2.18,NA,NA,NA,0,7,"Bot",NA,NA,NA,NA,621512,NA,"190404_001511",3.38462036881613,-123.823559072081,-1.98421631950862,4.39553759944295,22.3710988169888,-32.8576379581172,3.56,1.72,NA,NA,NA,85.5,NA,6.3,567365,594798,621512,624413,429664,605204,642708,607043,542979,624424,-1.38,"null","null","null","null","null","null","null",54,5,"Curveball",0,4,0,4,4,0,0,4,"Standard","Standard",0
"16","FF",2019-04-03,96.1,-1.59,5.7,"Jacob deGrom",595375,594798,"null","ball",NA,NA,NA,NA,11,"null","R","L","R","MIA","NYM","B","null","null",1,2,2019,-0.57,1.47,-1.36,3.41,NA,NA,NA,0,7,"Bot",NA,NA,NA,NA,621512,NA,"190404_001453",1.92789219648051,-140.019855391482,-3.88093766733862,-7.98052839279549,32.9712005306797,-11.8738015545021,3.51,1.65,NA,NA,NA,96.9,2497,6.8,567365,594798,621512,624413,429664,605204,642708,607043,542979,624424,-1.59,"null","null","null","null","null","null","null",54,4,"4-Seam Fastball",0,4,0,4,4,0,0,4,"Standard","Standard",0
"17","SL",2019-04-03,92.8,-1.41,5.58,"Jacob deGrom",595375,594798,"null","ball",NA,NA,NA,NA,14,"null","R","L","R","MIA","NYM","B","null","null",0,2,2019,0.05,0.52,1.5,1.11,NA,NA,NA,0,7,"Bot",NA,NA,NA,NA,621512,NA,"190404_001437",7.44355503655082,-135.063021726299,-6.93411239195418,-0.943477130243481,27.9038521723353,-24.4274448438014,3.56,1.74,NA,NA,NA,94.2,2488,7,567365,594798,621512,624413,429664,605204,642708,607043,542979,624424,-1.41,"null","null","null","null","null","null","null",54,3,"Slider",0,4,0,4,4,0,0,4,"Standard","Standard",0
"18","CU",2019-04-03,83.8,-1.43,5.74,"Jacob deGrom",595375,594798,"null","swinging_strike",NA,NA,NA,NA,13,"null","R","L","R","MIA","NYM","S","null","null",0,1,2019,0.77,-0.18,-0.01,1.36,NA,NA,NA,0,7,"Bot",NA,NA,NA,NA,621512,NA,"190404_001419",1.76119906243551,-122.216258796305,-3.43804273422075,7.48318273658711,22.8899271375985,-33.5279043751189,3.63,1.74,NA,NA,NA,84.7,NA,6.6,567365,594798,621512,624413,429664,605204,642708,607043,542979,624424,-1.43,"null","null","null","null","null","null","null",54,2,"Curveball",0,4,0,4,4,0,0,4,"Standard","Standard",0
"19","CH",2019-04-03,87,-1.41,5.66,"Jacob deGrom",595375,594798,"null","swinging_strike",NA,NA,NA,NA,4,"null","R","L","R","MIA","NYM","S","null","null",0,0,2019,-1.27,0.38,-0.45,2.44,NA,NA,NA,0,7,"Bot",NA,NA,NA,NA,621512,NA,"190404_001358",5.15793718061364,-126.918911029472,-2.4724072276878,-15.3781780001564,25.2296558566543,-27.5340275944982,3.58,1.72,NA,NA,NA,89.2,1815,7.5,567365,594798,621512,624413,429664,605204,642708,607043,542979,624424,-1.41,"null","null","null","null","null","null","null",54,1,"Changeup",0,4,0,4,4,0,0,4,"Standard","Standard",0
"20","FF",2019-04-03,97.2,-1.24,5.58,"Jacob deGrom",516770,594798,"strikeout","swinging_strike",NA,NA,NA,NA,3,"Starlin Castro strikes out swinging.  ","R","R","R","MIA","NYM","S","2","null",1,2,2019,-0.48,1.53,0.54,3.29,NA,NA,434158,2,6,"Bot",NA,NA,NA,NA,621512,NA,"190403_235535",5.97383228263857,-141.550085759569,-4.23870800894665,-7.93980222263341,33.7621470237097,-10.4112465094855,3.6,1.69,NA,NA,NA,98.3,2410,7,567365,594798,621512,624413,429664,605204,642708,607043,542979,624424,-1.24,"null","null","0.00","1","0","0","null",48,6,"4-Seam Fastball",0,3,0,3,3,0,0,3,"Standard","Standard",0
"21","SL",2019-04-03,93,-1.26,5.67,"Jacob deGrom",516770,594798,"null","foul",NA,NA,NA,NA,12,"null","R","R","R","MIA","NYM","S","null","null",1,2,2019,0.19,0.54,0.88,2.61,NA,NA,434158,2,6,"Bot",NA,NA,NA,NA,621512,NA,"190403_235505",5.0960414528323,-135.63211024145,-3.4152568284214,1.46435472595344,26.4847607169503,-24.7800687770362,3.49,1.62,5,NA,NA,94.6,2490,6.9,567365,594798,621512,624413,429664,605204,642708,607043,542979,624424,-1.26,"null","null","null","null","null","null","null",48,5,"Slider",0,3,0,3,3,0,0,3,"Standard","Standard",0
"22","SL",2019-04-03,93.1,-1.38,5.57,"Jacob deGrom",516770,594798,"null","foul",NA,NA,NA,NA,9,"null","R","R","R","MIA","NYM","S","null","null",1,2,2019,0.15,0.71,0.38,2.22,NA,NA,434158,2,6,"Bot",NA,NA,NA,NA,621512,NA,"190403_235433",4.21286273167984,-135.616933706793,-4.46609573356429,1.01441345239453,28.5373605797754,-22.5150205713469,3.6,1.65,NA,NA,NA,94.1,2425,6.7,567365,594798,621512,624413,429664,605204,642708,607043,542979,624424,-1.38,"null","null","null","null","null","null","null",48,4,"Slider",0,3,0,3,3,0,0,3,"Standard","Standard",0
"23","CH",2019-04-03,89.3,-1.21,5.51,"Jacob deGrom",516770,594798,"null","blocked_ball",NA,NA,NA,NA,14,"null","R","R","R","MIA","NYM","B","null","null",0,2,2019,-1.06,0.22,0.87,0.37,NA,NA,434158,2,6,"Bot",NA,NA,NA,NA,621512,NA,"190403_235400",7.59887850491956,-129.95154214807,-7.26539618068963,-14.0970374014172,27.0629180598057,-28.230133337351,3.65,1.72,NA,NA,NA,91.2,1646,7.4,567365,594798,621512,624413,429664,605204,642708,607043,542979,624424,-1.21,"null","null","null","null","null","null","null",48,3,"Changeup",0,3,0,3,3,0,0,3,"Standard","Standard",0
"24","SL",2019-04-03,93.1,-1.36,5.56,"Jacob deGrom",516770,594798,"null","swinging_strike",NA,NA,NA,NA,14,"null","R","R","R","MIA","NYM","S","null","null",0,1,2019,0.34,0.68,1.24,1.82,NA,NA,434158,2,6,"Bot",NA,NA,NA,NA,621512,NA,"190403_235333",5.97322157485652,-135.553769153574,-5.43598031279905,2.94543044560571,28.7112660209602,-22.6304536582321,3.65,1.69,NA,NA,NA,94.1,2433,6.8,567365,594798,621512,624413,429664,605204,642708,607043,542979,624424,-1.36,"null","null","null","null","null","null","null",48,2,"Slider",0,3,0,3,3,0,0,3,"Standard","Standard",0
"25","CU",2019-04-03,85.8,-1.4,5.65,"Jacob deGrom",516770,594798,"null","called_strike",NA,NA,NA,NA,6,"null","R","R","R","MIA","NYM","S","null","null",0,0,2019,0.35,-0.15,0.67,2.57,NA,NA,434158,2,6,"Bot",NA,NA,NA,NA,621512,NA,"190403_235306",4.20088847879471,-124.967756172514,-0.757088641474129,2.9212958827176,24.7972891533871,-33.7575338253413,3.6,1.72,NA,NA,NA,86.4,2646,6.6,567365,594798,621512,624413,429664,605204,642708,607043,542979,624424,-1.4,"null","null","null","null","null","null","null",48,1,"Curveball",0,3,0,3,3,0,0,3,"Standard","Standard",0
"26","SL",2019-04-03,94.1,-1.43,5.54,"Jacob deGrom",435522,594798,"field_out","hit_into_play",NA,NA,NA,NA,14,"Neil Walker lines out to shortstop Amed Rosario.  ","R","L","R","MIA","NYM","X","6","line_drive",0,2,2019,-0.04,0.68,0.83,2.61,NA,NA,434158,1,6,"Bot",122.12,135.56,NA,NA,621512,NA,"190403_235230",6.02971267070946,-137.084395810764,-3.48701604211714,-1.83236630625123,29.6188520695478,-22.892583064793,3.67,1.74,153,54,30,95.3,2362,6.9,567365,594798,621512,624413,429664,605204,642708,607043,542979,624424,-1.43,"0.332","0.299","0.00","1","0","0","1",47,3,"Slider",0,3,0,3,3,0,0,3,"Standard","Standard",0
"27","CH",2019-04-03,88.8,-1.32,5.6,"Jacob deGrom",435522,594798,"null","swinging_strike",NA,NA,NA,NA,7,"null","R","L","R","MIA","NYM","S","null","null",0,1,2019,-0.98,0.17,-0.47,1.82,NA,NA,434158,1,6,"Bot",NA,NA,NA,NA,621512,NA,"190403_235200",4.27879593429682,-129.395946035895,-3.6230530905979,-12.220620695859,27.6263002860905,-29.6698971233365,3.58,1.79,NA,NA,NA,90.2,1721,7.1,567365,594798,621512,624413,429664,605204,642708,607043,542979,624424,-1.32,"null","null","null","null","null","null","null",47,2,"Changeup",0,3,0,3,3,0,0,3,"Standard","Standard",0
"28","CH",2019-04-03,87.7,-1.41,5.51,"Jacob deGrom",435522,594798,"null","called_strike",NA,NA,NA,NA,4,"null","R","L","R","MIA","NYM","S","null","null",0,0,2019,-1.21,0.08,-0.51,2.87,NA,NA,434158,1,6,"Bot",NA,NA,NA,NA,621512,NA,"190403_235138",4.89580574375628,-127.901242168831,-0.419277650275151,-14.7738973754712,27.5586647079258,-31.2934683113011,3.56,1.69,NA,NA,NA,89.6,1702,7.5,567365,594798,621512,624413,429664,605204,642708,607043,542979,624424,-1.41,"null","null","null","null","null","null","null",47,1,"Changeup",0,3,0,3,3,0,0,3,"Standard","Standard",0
"29","SL",2019-04-03,93.4,-1.26,5.62,"Jacob deGrom",605119,594798,"strikeout","swinging_strike_blocked",NA,NA,NA,NA,14,"Brian Anderson strikes out swinging.  ","R","R","R","MIA","NYM","S","2","null",1,2,2019,0.19,0.56,1.35,0.28,NA,NA,434158,0,6,"Bot",NA,NA,NA,NA,621512,NA,"190403_235053",6.35960755668992,-135.867462218065,-9.36675104722497,1.11155351364023,27.6457434973375,-23.3316416770721,3.53,1.65,NA,NA,NA,94.4,2378,6.7,567365,594798,621512,624413,429664,605204,642708,607043,542979,624424,-1.26,"null","null","0.00","1","0","0","null",46,4,"Slider",0,3,0,3,3,0,0,3,"Standard","Standard",0
"30","CH",2019-04-03,88.5,-1.25,5.57,"Jacob deGrom",605119,594798,"null","foul",NA,NA,NA,NA,7,"null","R","R","R","MIA","NYM","S","null","null",1,1,2019,-0.93,0.53,-0.41,2.1,NA,NA,434158,0,6,"Bot",NA,NA,NA,NA,621512,NA,"190403_235016",4.19142636647086,-128.968827838194,-3.61997314465149,-11.6980206346155,27.5919112096181,-25.3815416246393,3.46,1.6,NA,NA,NA,90.4,1578,7.4,567365,594798,621512,624413,429664,605204,642708,607043,542979,624424,-1.25,"null","null","null","null","null","null","null",46,3,"Changeup",0,3,0,3,3,0,0,3,"Standard","Standard",0
"31","FF",2019-04-03,97.6,-1.36,5.58,"Jacob deGrom",605119,594798,"null","ball",NA,NA,NA,NA,14,"null","R","R","R","MIA","NYM","B","null","null",0,1,2019,-0.64,1.31,0.22,1.47,NA,NA,434158,0,6,"Bot",NA,NA,NA,NA,621512,NA,"190403_234950",5.81880882331137,-141.866783774817,-8.64477208702579,-10.2193440232641,34.7862401734588,-12.3675450763033,3.5,1.62,NA,NA,NA,98.2,2383,6.8,567365,594798,621512,624413,429664,605204,642708,607043,542979,624424,-1.36,"null","null","null","null","null","null","null",46,2,"4-Seam Fastball",0,3,0,3,3,0,0,3,"Standard","Standard",0
"32","FF",2019-04-03,96,-1.38,5.65,"Jacob deGrom",605119,594798,"null","foul",NA,NA,NA,NA,4,"null","R","R","R","MIA","NYM","S","null","null",0,0,2019,-0.58,1.54,-0.79,2.22,NA,NA,434158,0,6,"Bot",NA,NA,NA,NA,621512,NA,"190403_234922",2.93168474550765,-139.663044024653,-7.03696858165391,-8.34638561556932,33.8857519172357,-10.3896328293029,3.46,1.55,327,NA,NA,96.5,2438,6.7,567365,594798,621512,624413,429664,605204,642708,607043,542979,624424,-1.38,"null","null","null","null","null","null","null",46,1,"4-Seam Fastball",0,3,0,3,3,0,0,3,"Standard","Standard",0
"33","SL",2019-04-03,92.8,-1.44,5.66,"Jacob deGrom",434158,594798,"walk","ball",NA,NA,NA,NA,14,"Curtis Granderson walks.  ","R","L","R","MIA","NYM","B","null","null",3,2,2019,0.26,0.74,0.88,1.07,NA,NA,NA,0,6,"Bot",NA,NA,NA,NA,621512,NA,"190403_234837",5.43536674899813,-134.995150172905,-7.68389748788678,2.08649642011924,27.8078041961553,-21.5328373570533,3.35,1.58,NA,NA,NA,93.8,2405,6.8,567365,594798,621512,624413,429664,605204,642708,607043,542979,624424,-1.44,"null","null","0.70","1","0","0","null",45,6,"Slider",0,3,0,3,3,0,0,3,"Infield shift","Standard",0
"34","SL",2019-04-03,92.2,-1.55,5.66,"Jacob deGrom",434158,594798,"null","ball",NA,NA,NA,NA,14,"null","R","L","R","MIA","NYM","B","null","null",2,2,2019,0.2,0.57,1.06,1.53,NA,NA,NA,0,6,"Bot",NA,NA,NA,NA,621512,NA,"190403_234817",6.22106363180094,-134.146926296111,-5.97441925220223,1.16192787048644,28.4058757139697,-24.1892608917947,3.37,1.62,NA,NA,NA,92.9,2391,6.6,567365,594798,621512,624413,429664,605204,642708,607043,542979,624424,-1.55,"null","null","null","null","null","null","null",45,5,"Slider",0,3,0,3,3,0,0,3,"Infield shift","Standard",0
"35","FF",2019-04-03,96.3,-1.59,5.74,"Jacob deGrom",434158,594798,"null","ball",NA,NA,NA,NA,11,"null","R","L","R","MIA","NYM","B","null","null",1,2,2019,-0.38,1.65,-1.13,3.32,NA,NA,NA,0,6,"Bot",NA,NA,NA,NA,621512,NA,"190403_234756",2.09770889130484,-140.203286817241,-4.59791645656336,-5.47434522566109,33.6886232630198,-9.54502108396469,3.37,1.57,NA,NA,NA,96.5,2525,6.5,567365,594798,621512,624413,429664,605204,642708,607043,542979,624424,-1.59,"null","null","null","null","null","null","null",45,4,"4-Seam Fastball",0,3,0,3,3,0,0,3,"Infield shift","Standard",0
"36","SL",2019-04-03,92.9,-1.75,5.65,"Jacob deGrom",434158,594798,"null","ball",NA,NA,NA,NA,13,"null","R","L","R","MIA","NYM","B","null","null",0,2,2019,0.12,0.71,-1.25,1.47,NA,NA,NA,0,6,"Bot",NA,NA,NA,NA,621512,NA,"190403_234742",1.00575146222769,-135.365555931064,-6.56454333425434,1.34003553595729,28.1567970204488,-22.2025608056754,3.32,1.57,NA,NA,NA,93.7,2418,6.6,567365,594798,621512,624413,429664,605204,642708,607043,542979,624424,-1.75,"null","null","null","null","null","null","null",45,3,"Slider",0,3,0,3,3,0,0,3,"Infield shift","Standard",0
"37","CH",2019-04-03,88.9,-1.38,5.61,"Jacob deGrom",434158,594798,"null","foul",NA,NA,NA,NA,7,"null","R","L","R","MIA","NYM","S","null","null",0,1,2019,-0.95,0.71,-0.32,2.1,NA,NA,NA,0,6,"Bot",NA,NA,NA,NA,621512,NA,"190403_234725",4.71627844922526,-129.508809092848,-4.12884800313973,-11.9085867057982,27.1244307389511,-23.3620506794247,3.35,1.57,NA,NA,NA,90.2,1680,7,567365,594798,621512,624413,429664,605204,642708,607043,542979,624424,-1.38,"null","null","null","null","null","null","null",45,2,"Changeup",0,3,0,3,3,0,0,3,"Infield shift","Standard",0
"38","CU",2019-04-03,83.7,-1.54,5.74,"Jacob deGrom",434158,594798,"null","called_strike",NA,NA,NA,NA,4,"null","R","L","R","MIA","NYM","S","null","null",0,0,2019,0.38,0,-0.52,2.74,NA,NA,NA,0,6,"Bot",NA,NA,NA,NA,621512,NA,"190403_234713",1.59895625615019,-122.045525311857,-0.569459925810009,3.5074288407062,22.3401966639972,-32.2757983984546,3.35,1.57,NA,NA,NA,84.2,NA,6.3,567365,594798,621512,624413,429664,605204,642708,607043,542979,624424,-1.54,"null","null","null","null","null","null","null",45,1,"Curveball",0,3,0,3,3,0,0,3,"Infield shift","Standard",0
"39","FF",2019-04-03,97.9,-1.27,5.62,"Jacob deGrom",670950,594798,"strikeout","called_strike",NA,NA,NA,NA,6,"Trevor Richards called out on strikes.  ","R","R","R","MIA","NYM","S","2","null",0,2,2019,-0.62,1.48,0.73,2.34,NA,594011,NA,2,5,"Bot",NA,NA,NA,NA,621512,NA,"190403_233228",6.90429660768575,-142.426134542965,-6.91233691267717,-10.2107608836348,32.5410483837251,-10.2448045552855,3.35,1.58,NA,NA,NA,98.8,2397,6.8,567365,594798,621512,624413,429664,605204,642708,607043,542979,624424,-1.27,"null","null","0.00","1","0","0","null",39,3,"4-Seam Fastball",0,3,0,3,3,0,0,3,"Standard","Strategic",0
"40","FF",2019-04-03,97.6,-1.4,5.7,"Jacob deGrom",670950,594798,"null","foul",NA,NA,NA,NA,1,"null","R","R","R","MIA","NYM","S","null","null",0,1,2019,-0.79,1.47,-0.46,3.03,NA,594011,NA,2,5,"Bot",NA,NA,NA,NA,621512,NA,"190403_233202",4.40185577868538,-142.106757370852,-5.11742874141646,-11.8472923813224,35.4624986654199,-11.0784188243778,3.28,1.53,NA,NA,NA,98,2423,6.7,567365,594798,621512,624413,429664,605204,642708,607043,542979,624424,-1.4,"null","null","null","null","null","null","null",39,2,"4-Seam Fastball",0,3,0,3,3,0,0,3,"Standard","Standard",0
"41","FF",2019-04-03,96.9,-1.35,5.61,"Jacob deGrom",670950,594798,"null","called_strike",NA,NA,NA,NA,12,"null","R","R","R","MIA","NYM","S","null","null",0,0,2019,-0.85,1.46,1,2.73,NA,594011,NA,2,5,"Bot",NA,NA,NA,NA,621512,NA,"190403_233145",8.31417324172544,-140.90607881306,-5.53601156736246,-13.4633468208607,34.7334024535082,-11.3374313813007,3.3,1.6,NA,NA,NA,97.5,2361,6.8,567365,594798,621512,624413,429664,605204,642708,607043,542979,624424,-1.35,"null","null","null","null","null","null","null",39,1,"4-Seam Fastball",0,3,0,3,3,0,0,3,"Standard","Standard",0
"42","SL",2019-04-03,93.7,-1.38,5.73,"Jacob deGrom",594011,594798,"double","hit_into_play_no_out",NA,NA,NA,NA,12,"Rosell Herrera doubles (1) on a line drive to right fielder Michael Conforto, deflected by shortstop Amed Rosario.  ","R","L","R","MIA","NYM","X","6","line_drive",1,0,2019,0.08,0.73,0.89,2.94,NA,NA,NA,2,5,"Bot",129.07,134.01,NA,NA,621512,NA,"190403_233102",5.75098442053024,-136.47964695063,-3.12539353775436,-0.302048643572686,30.2317433444123,-22.4266868989338,3.79,1.79,161,53.7,32,94.6,2327,6.8,567365,594798,621512,624413,429664,605204,642708,607043,542979,624424,-1.38,"0.352","0.317","1.25","1","1","1","1",38,2,"Slider",0,3,0,3,3,0,0,3,"Standard","Standard",0
"43","FF",2019-04-03,96.8,-1.56,5.68,"Jacob deGrom",594011,594798,"null","ball",NA,NA,NA,NA,11,"null","R","L","R","MIA","NYM","B","null","null",0,0,2019,-0.46,1.47,-1.41,3.18,NA,NA,NA,2,5,"Bot",NA,NA,NA,NA,621512,NA,"190403_233042",1.49225073804151,-140.945283861955,-4.49502414371323,-6.58934990953401,35.2498502709087,-11.6618822062428,3.88,1.88,NA,NA,NA,97.1,2316,6.7,567365,594798,621512,624413,429664,605204,642708,607043,542979,624424,-1.56,"null","null","null","null","null","null","null",38,1,"4-Seam Fastball",0,3,0,3,3,0,0,3,"Standard","Standard",0
"44","SL",2019-04-03,94.5,-1.4,5.65,"Jacob deGrom",595453,594798,"strikeout","swinging_strike",NA,NA,NA,NA,14,"Chad Wallach strikes out swinging.  ","R","R","R","MIA","NYM","S","2","null",2,2,2019,0.27,0.8,1.25,2.68,NA,NA,NA,1,5,"Bot",NA,NA,NA,NA,621512,NA,"190403_233012",6.32078200002479,-137.520850188696,-3.87160027458278,2.08682579506437,30.9722227499579,-21.270830535979,3.74,1.79,NA,NA,NA,95,2346,6.6,567365,594798,621512,624413,429664,605204,642708,607043,542979,624424,-1.4,"null","null","0.00","1","0","0","null",37,6,"Slider",0,3,0,3,3,0,0,3,"Standard","Standard",0
"45","FF",2019-04-03,97.3,-1.44,5.66,"Jacob deGrom",595453,594798,"null","foul",NA,NA,NA,NA,4,"null","R","R","R","MIA","NYM","S","null","null",2,2,2019,-0.4,1.41,-0.31,2.38,NA,NA,NA,1,5,"Bot",NA,NA,NA,NA,621512,NA,"190403_232948",3.99333701831755,-141.587491166802,-6.58004950392828,-6.35840370080892,35.1019879728218,-11.6631006196918,3.72,1.72,NA,NA,NA,97.9,2381,6.8,567365,594798,621512,624413,429664,605204,642708,607043,542979,624424,-1.44,"null","null","null","null","null","null","null",37,5,"4-Seam Fastball",0,3,0,3,3,0,0,3,"Standard","Standard",0
"46","FF",2019-04-03,98.1,-1.32,5.72,"Jacob deGrom",595453,594798,"null","ball",NA,NA,NA,NA,12,"null","R","R","R","MIA","NYM","B","null","null",1,2,2019,-0.35,1.54,1.18,2.96,NA,NA,NA,1,5,"Bot",NA,NA,NA,NA,621512,NA,"190403_232932",7.69624608431761,-142.733957003289,-5.65484006832305,-6.77298637625142,35.946296348578,-9.63979529893182,3.74,1.79,NA,NA,NA,98.8,2490,6.9,567365,594798,621512,624413,429664,605204,642708,607043,542979,624424,-1.32,"null","null","null","null","null","null","null",37,4,"4-Seam Fastball",0,3,0,3,3,0,0,3,"Standard","Standard",0
"47","FF",2019-04-03,97.3,-1.38,5.68,"Jacob deGrom",595453,594798,"null","foul",NA,NA,NA,NA,9,"null","R","R","R","MIA","NYM","S","null","null",1,1,2019,-0.86,1.45,0.46,1.92,NA,NA,NA,1,5,"Bot",NA,NA,NA,NA,621512,NA,"190403_232912",6.96972378201254,-141.427971119985,-7.92402532000751,-13.2541467319583,33.7305889963134,-10.9263186001968,3.67,1.72,NA,NA,NA,97.7,2426,6.7,567365,594798,621512,624413,429664,605204,642708,607043,542979,624424,-1.38,"null","null","null","null","null","null","null",37,3,"4-Seam Fastball",0,3,0,3,3,0,0,3,"Standard","Standard",0
"48","FF",2019-04-03,97.1,-1.38,5.65,"Jacob deGrom",595453,594798,"null","ball",NA,NA,NA,NA,14,"null","R","R","R","MIA","NYM","B","null","null",0,1,2019,-0.55,1.57,1.08,1.62,NA,NA,NA,1,5,"Bot",NA,NA,NA,NA,621512,NA,"190403_232856",7.91136605367974,-141.043346782594,-8.87725503998795,-9.31464821652373,33.6412995174253,-9.14296693465826,3.69,1.76,NA,NA,NA,97.3,2462,6.6,567365,594798,621512,624413,429664,605204,642708,607043,542979,624424,-1.38,"null","null","null","null","null","null","null",37,2,"4-Seam Fastball",0,3,0,3,3,0,0,3,"Standard","Standard",0
"49","FF",2019-04-03,96.3,-1.44,5.69,"Jacob deGrom",595453,594798,"null","foul",NA,NA,NA,NA,3,"null","R","R","R","MIA","NYM","S","null","null",0,0,2019,-0.5,1.4,0.48,3.25,NA,NA,NA,1,5,"Bot",NA,NA,NA,NA,621512,NA,"190403_232844",6.30961828876073,-140.065414987865,-4.08757151013806,-8.21467006133249,35.4452574298927,-12.8919046961979,3.76,1.74,206,NA,NA,96.5,2324,6.7,567365,594798,621512,624413,429664,605204,642708,607043,542979,624424,-1.44,"null","null","null","null","null","null","null",37,1,"4-Seam Fastball",0,3,0,3,3,0,0,3,"Standard","Standard",0
"50","SL",2019-04-03,92.2,-1.51,5.7,"Jacob deGrom",621446,594798,"field_out","hit_into_play",NA,NA,NA,NA,8,"Lewis Brinson grounds out sharply, shortstop Amed Rosario to first baseman Pete Alonso.  ","R","R","R","MIA","NYM","X","6","ground_ball",2,1,2019,0.29,0.52,0.17,2.33,NA,NA,NA,0,5,"Bot",107.06,152.04,NA,NA,621512,NA,"190403_232801",3.67471213935681,-134.40388351888,-4.01612668342025,2.91351452125248,26.9112082739296,-25.0141087188305,3.76,1.72,118,104.1,5,93.9,2493,7,567365,594798,621512,624413,429664,605204,642708,607043,542979,624424,-1.51,"0.592","0.545","0.00","1","0","0","4",36,4,"Slider",0,3,0,3,3,0,0,3,"Standard","Standard",0
"51","FF",2019-04-03,96.7,-1.5,5.72,"Jacob deGrom",621446,594798,"null","swinging_strike",NA,NA,NA,NA,6,"null","R","R","R","MIA","NYM","S","null","null",2,0,2019,-0.45,1.44,0.41,2.67,NA,NA,NA,0,5,"Bot",NA,NA,NA,NA,621512,NA,"190403_232737",6.22396812729668,-140.836235240852,-6.02418428027752,-7.55949106136891,32.5812690421357,-11.3116549995215,3.76,1.79,NA,NA,NA,98.1,2330,7.1,567365,594798,621512,624413,429664,605204,642708,607043,542979,624424,-1.5,"null","null","null","null","null","null","null",36,3,"4-Seam Fastball",0,3,0,3,3,0,0,3,"Standard","Standard",0
"52","SL",2019-04-03,93.3,-1.42,5.71,"Jacob deGrom",621446,594798,"null","ball",NA,NA,NA,NA,14,"null","R","R","R","MIA","NYM","B","null","null",1,0,2019,0.12,0.63,0.95,1.27,NA,NA,NA,0,5,"Bot",NA,NA,NA,NA,621512,NA,"190403_232723",5.87519479747813,-135.812897045083,-7.18812575954712,0.394397881227179,27.0394794962839,-22.9521958476415,3.67,1.72,NA,NA,NA,94.4,2512,6.7,567365,594798,621512,624413,429664,605204,642708,607043,542979,624424,-1.42,"null","null","null","null","null","null","null",36,2,"Slider",0,3,0,3,3,0,0,3,"Standard","Standard",0
"53","FF",2019-04-03,97,-1.38,5.66,"Jacob deGrom",621446,594798,"null","ball",NA,NA,NA,NA,14,"null","R","R","R","MIA","NYM","B","null","null",0,0,2019,-0.55,1.44,1.17,1.35,NA,NA,NA,0,5,"Bot",NA,NA,NA,NA,621512,NA,"190403_232707",8.19919663627348,-140.878915563715,-9.43602156083945,-9.39145435905328,31.8947189680696,-10.604329776527,3.69,1.72,NA,NA,NA,98,2327,7,567365,594798,621512,624413,429664,605204,642708,607043,542979,624424,-1.38,"null","null","null","null","null","null","null",36,1,"4-Seam Fastball",0,3,0,3,3,0,0,3,"Strategic","Standard",0
"54","FF",2019-04-03,98.5,-1.39,5.66,"Jacob deGrom",595375,594798,"strikeout","swinging_strike",NA,NA,NA,NA,7,"JT Riddle strikes out swinging.  ","R","L","R","MIA","NYM","S","2","null",1,2,2019,-0.82,1.39,-0.83,2.15,NA,NA,605119,2,4,"Bot",NA,NA,NA,NA,621512,NA,"190403_231734",3.48143916977781,-143.351820197524,-7.39768130254939,-12.2779549222041,34.2428962204811,-11.2007931795449,3.58,1.76,NA,NA,NA,99.2,2419,6.8,567365,594798,621512,624413,429664,605204,642708,607043,542979,624424,-1.39,"null","null","0.00","1","0","0","null",32,4,"4-Seam Fastball",0,3,0,3,3,0,0,3,"Standard","Standard",0
"55","CH",2019-04-03,89.2,-1.27,5.56,"Jacob deGrom",595375,594798,"null","called_strike",NA,NA,NA,NA,6,"null","R","L","R","MIA","NYM","S","null","null",1,1,2019,-0.95,0.59,0.31,2.7,NA,NA,605119,2,4,"Bot",NA,NA,NA,NA,621512,NA,"190403_231706",6.07001334683966,-130.029068330267,-2.35519813236201,-12.4178941473085,27.8001480684579,-24.9118165463899,3.6,1.76,NA,NA,NA,90.8,1575,7.2,567365,594798,621512,624413,429664,605204,642708,607043,542979,624424,-1.27,"null","null","null","null","null","null","null",32,3,"Changeup",0,3,0,3,3,0,0,3,"Standard","Standard",0
"56","SL",2019-04-03,94.9,-1.45,5.65,"Jacob deGrom",595375,594798,"null","called_strike",NA,NA,NA,NA,9,"null","R","L","R","MIA","NYM","S","null","null",1,0,2019,0.09,0.7,0.79,1.67,NA,NA,605119,2,4,"Bot",NA,NA,NA,NA,621512,NA,"190403_231643",5.68263527879431,-138.150751778015,-6.45242490915128,0.0743071214986354,28.144570858913,-21.8431593731665,3.51,1.67,NA,NA,NA,96,2485,6.7,567365,594798,621512,624413,429664,605204,642708,607043,542979,624424,-1.45,"null","null","null","null","null","null","null",32,2,"Slider",0,3,0,3,3,0,0,3,"Standard","Standard",0
"57","FF",2019-04-03,97.7,-1.42,5.65,"Jacob deGrom",595375,594798,"null","ball",NA,NA,NA,NA,13,"null","R","L","R","MIA","NYM","B","null","null",0,0,2019,-0.85,1.44,-1.21,2.01,NA,NA,605119,2,4,"Bot",NA,NA,NA,NA,621512,NA,"190403_231621",2.57498952884066,-142.191590098375,-7.66991861163361,-12.2383775094935,34.3743850762134,-10.9183335460121,3.53,1.72,NA,NA,NA,98.2,2386,6.7,567365,594798,621512,624413,429664,605204,642708,607043,542979,624424,-1.42,"null","null","null","null","null","null","null",32,1,"4-Seam Fastball",0,3,0,3,3,0,0,3,"Standard","Standard",0
"58","FF",2019-04-03,97.4,-1.44,5.67,"Jacob deGrom",516770,594798,"field_out","hit_into_play",NA,NA,NA,NA,5,"Starlin Castro flies out to center fielder Keon Broxton.  ","R","R","R","MIA","NYM","X","8","fly_ball",1,1,2019,-0.57,1.5,-0.24,2.56,NA,NA,605119,1,4,"Bot",161.48,46.14,NA,NA,621512,NA,"190403_231547",4.63959307377938,-141.822909626666,-6.38539181621555,-8.98382503127747,34.6489185924875,-10.3122196673316,3.72,1.76,364,98,29,98.3,2367,6.9,567365,594798,621512,624413,429664,605204,642708,607043,542979,624424,-1.44,"0.522","0.924","0.00","1","0","0","6",31,3,"4-Seam Fastball",0,3,0,3,3,0,0,3,"Standard","Standard",1
"59","SL",2019-04-03,93.6,-1.45,5.65,"Jacob deGrom",516770,594798,"null","swinging_strike",NA,NA,NA,NA,14,"null","R","R","R","MIA","NYM","S","null","null",1,0,2019,0.1,0.6,0.89,1.78,NA,NA,605119,1,4,"Bot",NA,NA,NA,NA,621512,NA,"190403_231515",5.86349353874829,-136.350278916962,-5.68440606626486,0.0629418190471549,28.927202349568,-23.5113937742363,3.67,1.72,NA,NA,NA,94.7,2477,6.8,567365,594798,621512,624413,429664,605204,642708,607043,542979,624424,-1.45,"null","null","null","null","null","null","null",31,2,"Slider",0,3,0,3,3,0,0,3,"Standard","Standard",0
"60","FF",2019-04-03,96.8,-1.54,5.58,"Jacob deGrom",516770,594798,"null","ball",NA,NA,NA,NA,11,"null","R","R","R","MIA","NYM","B","null","null",0,0,2019,-0.54,1.41,-1.89,3.04,NA,NA,605119,1,4,"Bot",NA,NA,NA,NA,621512,NA,"190403_231451",0.312188855611384,-141.067998008279,-4.53786176643165,-7.32933771031981,34.4525821222869,-12.2669808303795,3.76,1.83,NA,NA,NA,97.5,2342,6.8,567365,594798,621512,624413,429664,605204,642708,607043,542979,624424,-1.54,"null","null","null","null","null","null","null",31,1,"4-Seam Fastball",0,3,0,3,3,0,0,3,"Standard","Standard",0
"61","FF",2019-04-03,97,-1.37,5.62,"Jacob deGrom",435522,594798,"field_out","hit_into_play",NA,NA,NA,NA,6,"Neil Walker flies out to center fielder Keon Broxton.  ","R","L","R","MIA","NYM","X","8","fly_ball",0,0,2019,-0.66,1.34,0.59,2.98,NA,NA,605119,0,4,"Bot",153.69,60.34,NA,NA,621512,NA,"190403_231412",6.87764402323262,-141.192810537261,-4.68834375206303,-10.5981062490095,32.6636604103742,-13.0816358903352,3.63,1.83,329,87.7,32,98.1,2307,6.9,567365,594798,621512,624413,429664,605204,642708,607043,542979,624424,-1.37,"0.055","0.074","0.00","1","0","0","3",30,1,"4-Seam Fastball",0,3,0,3,3,0,0,3,"Infield shift","Standard",0
"62","FF",2019-04-03,96.9,-1.41,5.61,"Jacob deGrom",605119,594798,"single","hit_into_play_no_out",NA,NA,NA,NA,6,"Brian Anderson singles on a line drive to center fielder Keon Broxton.  ","R","R","R","MIA","NYM","X","8","line_drive",3,2,2019,-0.55,1.55,0.68,2.27,NA,NA,NA,0,4,"Bot",149.08,104.6,NA,NA,621512,NA,"190403_231324",6.97132131943478,-140.910089816027,-7.00957225179101,-9.26178581005634,36.6393657356811,-9.70035108151866,3.51,1.65,234,74.2,23,97.6,2438,7.1,567365,594798,621512,624413,429664,605204,642708,607043,542979,624424,-1.41,"0.940","0.870","0.90","1","1","0","4",29,7,"4-Seam Fastball",0,3,0,3,3,0,0,3,"Standard","Standard",0
"63","FF",2019-04-03,97.3,-1.33,5.65,"Jacob deGrom",605119,594798,"null","ball",NA,NA,NA,NA,12,"null","R","R","R","MIA","NYM","B","null","null",2,2,2019,-0.73,1.33,1.11,2.74,NA,NA,NA,0,4,"Bot",NA,NA,NA,NA,621512,NA,"190403_231257",8.45668985427483,-141.580450363142,-5.50516034090902,-12.2177255714503,35.7630317084663,-12.6026647531263,3.53,1.62,NA,NA,NA,98.9,2378,7.4,567365,594798,621512,624413,429664,605204,642708,607043,542979,624424,-1.33,"null","null","null","null","null","null","null",29,6,"4-Seam Fastball",0,3,0,3,3,0,0,3,"Standard","Standard",0
"64","CH",2019-04-03,90.5,-1.35,5.64,"Jacob deGrom",605119,594798,"null","foul",NA,NA,NA,NA,7,"null","R","R","R","MIA","NYM","S","null","null",2,2,2019,-1.47,0.16,-0.6,2.17,NA,NA,NA,0,4,"Bot",NA,NA,NA,NA,621512,NA,"190403_231227",5.1032861989823,-131.755943990119,-3.0872954713386,-18.4580999265699,29.730794208029,-29.7489159370274,3.56,1.67,NA,NA,NA,91.3,1821,6.9,567365,594798,621512,624413,429664,605204,642708,607043,542979,624424,-1.35,"null","null","null","null","null","null","null",29,5,"Changeup",0,3,0,3,3,0,0,3,"Standard","Standard",0
"65","FF",2019-04-03,97.7,-1.34,5.71,"Jacob deGrom",605119,594798,"null","ball",NA,NA,NA,NA,12,"null","R","R","R","MIA","NYM","B","null","null",1,2,2019,-0.49,1.47,0.66,3.71,NA,NA,NA,0,4,"Bot",NA,NA,NA,NA,621512,NA,"190403_231205",6.60876203960849,-142.256303297441,-3.33698009830238,-8.40863174523735,35.3131090828589,-11.3386587820348,3.46,1.6,NA,NA,NA,98.5,2385,6.9,567365,594798,621512,624413,429664,605204,642708,607043,542979,624424,-1.34,"null","null","null","null","null","null","null",29,4,"4-Seam Fastball",0,3,0,3,3,0,0,3,"Standard","Standard",0
"66","FF",2019-04-03,97,-1.47,5.63,"Jacob deGrom",605119,594798,"null","foul",NA,NA,NA,NA,5,"null","R","R","R","MIA","NYM","S","null","null",1,1,2019,-0.4,1.43,-0.02,2.16,NA,NA,NA,0,4,"Bot",NA,NA,NA,NA,621512,NA,"190403_231139",4.84686208567629,-141.118352460921,-7.05767345407341,-6.53536247716873,33.82692935678,-11.3990179174847,3.44,1.55,NA,NA,NA,97.5,2245,6.7,567365,594798,621512,624413,429664,605204,642708,607043,542979,624424,-1.47,"null","null","null","null","null","null","null",29,3,"4-Seam Fastball",0,3,0,3,3,0,0,3,"Standard","Standard",0
"67","FF",2019-04-03,97.5,-1.51,5.62,"Jacob deGrom",605119,594798,"null","called_strike",NA,NA,NA,NA,6,"null","R","R","R","MIA","NYM","S","null","null",1,0,2019,-0.35,1.42,0.59,2.35,NA,NA,NA,0,4,"Bot",NA,NA,NA,NA,621512,NA,"190403_231120",6.51219868662623,-141.803272524637,-6.58653406496353,-6.29101748924741,34.5025377682361,-11.46771438185,3.51,1.62,NA,NA,NA,97.8,2267,6.6,567365,594798,621512,624413,429664,605204,642708,607043,542979,624424,-1.51,"null","null","null","null","null","null","null",29,2,"4-Seam Fastball",0,3,0,3,3,0,0,3,"Standard","Standard",0
"68","SL",2019-04-03,93.6,-1.64,5.67,"Jacob deGrom",605119,594798,"null","ball",NA,NA,NA,NA,14,"null","R","R","R","MIA","NYM","B","null","null",0,0,2019,0.22,0.59,0.66,0.65,NA,NA,NA,0,4,"Bot",NA,NA,NA,NA,621512,NA,"190403_231104",5.51925913687625,-136.193925830253,-8.68361946628635,1.65599679695509,28.2675367070032,-22.9770562112631,3.51,1.62,NA,NA,NA,94.8,2438,6.9,567365,594798,621512,624413,429664,605204,642708,607043,542979,624424,-1.64,"null","null","null","null","null","null","null",29,1,"Slider",0,3,0,3,3,0,0,3,"Standard","Standard",0
"69","FF",2019-04-03,97.2,-1.43,5.68,"Jacob deGrom",434158,594798,"strikeout","swinging_strike",NA,NA,NA,NA,2,"Curtis Granderson strikes out swinging.  ","R","L","R","MIA","NYM","S","2","null",2,2,2019,-0.6,1.34,-0.03,3.15,NA,NA,NA,2,3,"Bot",NA,NA,NA,NA,621512,NA,"190403_230131",5.20661316667137,-141.521921814717,-4.42348668367948,-9.44645298267091,33.4283975741552,-12.9809434687792,3.37,1.57,NA,NA,NA,98.2,2321,6.9,567365,594798,621512,624413,429664,605204,642708,607043,542979,624424,-1.43,"null","null","0.00","1","0","0","null",25,6,"4-Seam Fastball",0,3,0,3,3,0,0,3,"Infield shift","Standard",0
"70","CU",2019-04-03,87.4,-1.61,5.77,"Jacob deGrom",434158,594798,"null","ball",NA,NA,NA,NA,11,"null","R","L","R","MIA","NYM","B","null","null",1,2,2019,0.33,-0.23,-1.43,2.54,NA,NA,NA,2,3,"Bot",NA,NA,NA,NA,621512,NA,"190403_230114",-0.243254603198734,-127.385998378528,-1.19490473069501,3.65955854478548,25.1305704105131,-34.6448050098533,3.37,1.57,NA,NA,NA,87.5,NA,6.2,567365,594798,621512,624413,429664,605204,642708,607043,542979,624424,-1.61,"null","null","null","null","null","null","null",25,5,"Curveball",0,3,0,3,3,0,0,3,"Infield shift","Standard",0
"71","FF",2019-04-03,98.3,-1.49,5.69,"Jacob deGrom",434158,594798,"null","ball",NA,NA,NA,NA,11,"null","R","L","R","MIA","NYM","B","null","null",0,2,2019,-0.55,1.41,-1.41,3.39,NA,NA,NA,2,3,"Bot",NA,NA,NA,NA,621512,NA,"190403_230059",1.53818490506021,-143.259821541594,-4.15167346805144,-8.05943978366448,33.9221263169772,-11.6479228544065,3.37,1.57,NA,NA,NA,99.3,2304,6.8,567365,594798,621512,624413,429664,605204,642708,607043,542979,624424,-1.49,"null","null","null","null","null","null","null",25,4,"4-Seam Fastball",0,3,0,3,3,0,0,3,"Infield shift","Standard",0
"72","SL",2019-04-03,92.8,-1.54,5.67,"Jacob deGrom",434158,594798,"null","foul",NA,NA,NA,NA,14,"null","R","L","R","MIA","NYM","S","null","null",0,2,2019,0.29,0.54,0.98,1.69,NA,NA,NA,2,3,"Bot",NA,NA,NA,NA,621512,NA,"190403_230032",5.86557733266938,-135.104112682445,-5.63905155732533,2.27701496115297,29.9723420010561,-24.3962618204609,3.37,1.57,5,NA,NA,93.5,2436,6.7,567365,594798,621512,624413,429664,605204,642708,607043,542979,624424,-1.54,"null","null","null","null","null","null","null",25,3,"Slider",0,3,0,3,3,0,0,3,"Infield shift","Standard",0
"73","CU",2019-04-03,86.2,-1.49,5.76,"Jacob deGrom",434158,594798,"null","foul",NA,NA,NA,NA,7,"null","R","L","R","MIA","NYM","S","null","null",0,1,2019,0.48,-0.12,-0.47,1.59,NA,NA,NA,2,3,"Bot",NA,NA,NA,NA,621512,NA,"190403_230010",1.45036890036219,-125.62120725214,-3.45706340695842,4.81391043547804,25.2831829664118,-33.0106670553392,3.37,1.6,17,NA,NA,86.8,NA,6.6,567365,594798,621512,624413,429664,605204,642708,607043,542979,624424,-1.49,"null","null","null","null","null","null","null",25,2,"Curveball",0,3,0,3,3,0,0,3,"Infield shift","Standard",0
"74","CU",2019-04-03,85.5,-1.44,5.73,"Jacob deGrom",434158,594798,"null","called_strike",NA,NA,NA,NA,4,"null","R","L","R","MIA","NYM","S","null","null",0,0,2019,0.49,0.01,-0.4,2.33,NA,NA,NA,2,3,"Bot",NA,NA,NA,NA,621512,NA,"190403_225955",1.4658730966414,-124.582452778478,-1.78194683583823,4.8273872021175,24.7071754686846,-31.9013905777436,3.37,1.58,NA,NA,NA,86.2,NA,6.6,567365,594798,621512,624413,429664,605204,642708,607043,542979,624424,-1.44,"null","null","null","null","null","null","null",25,1,"Curveball",0,3,0,3,3,0,0,3,"Infield shift","Standard",0
"75","SL",2019-04-03,93.9,-1.43,5.72,"Jacob deGrom",670950,594798,"strikeout","swinging_strike",NA,NA,NA,NA,14,"Trevor Richards strikes out swinging.  ","R","R","R","MIA","NYM","S","2","null",0,2,2019,0.35,0.74,1.39,1.49,NA,NA,NA,1,3,"Bot",NA,NA,NA,NA,621512,NA,"190403_225918",6.61456326703622,-136.753333860064,-7.04594035994553,3.08660189228739,29.2774097876157,-21.2727442502799,3.25,1.51,NA,NA,NA,95.5,2515,7.1,567365,594798,621512,624413,429664,605204,642708,607043,542979,624424,-1.43,"null","null","0.00","1","0","0","null",24,3,"Slider",0,3,0,3,3,0,0,3,"Standard","Standard",0
"76","FF",2019-04-03,97.3,-1.42,5.71,"Jacob deGrom",670950,594798,"null","called_strike",NA,NA,NA,NA,6,"null","R","R","R","MIA","NYM","S","null","null",0,1,2019,-0.49,1.54,0.76,2.39,NA,NA,NA,1,3,"Bot",NA,NA,NA,NA,621512,NA,"190403_225905",7.05876081133046,-141.515046931504,-7.0481692251716,-8.3414175393794,33.2087530111887,-9.6562037179264,3.28,1.53,NA,NA,NA,98.2,2410,6.9,567365,594798,621512,624413,429664,605204,642708,607043,542979,624424,-1.42,"null","null","null","null","null","null","null",24,2,"4-Seam Fastball",0,3,0,3,3,0,0,3,"Standard","Standard",0
"77","FF",2019-04-03,97.3,-1.45,5.7,"Jacob deGrom",670950,594798,"null","called_strike",NA,NA,NA,NA,3,"null","R","R","R","MIA","NYM","S","null","null",0,0,2019,-0.39,1.55,0.66,2.83,NA,NA,NA,1,3,"Bot",NA,NA,NA,NA,621512,NA,"190403_225854",6.6769105411902,-141.595432918093,-5.85116360265358,-6.94827904697134,33.1006006955577,-9.74683219858541,3.35,1.6,NA,NA,NA,98.3,2441,6.9,567365,594798,621512,624413,429664,605204,642708,607043,542979,624424,-1.45,"null","null","null","null","null","null","null",24,1,"4-Seam Fastball",0,3,0,3,3,0,0,3,"Standard","Standard",0
"78","SL",2019-04-03,93.4,-1.51,5.79,"Jacob deGrom",594011,594798,"strikeout","swinging_strike",NA,NA,NA,NA,14,"Rosell Herrera strikes out swinging.  ","R","L","R","MIA","NYM","S","2","null",1,2,2019,0.32,0.61,1.84,2.17,NA,NA,NA,0,3,"Bot",NA,NA,NA,NA,621512,NA,"190403_225829",7.96832620073085,-135.876599907739,-4.98339921125197,2.44708051619904,28.2226660103737,-23.6639763674775,3.79,1.81,NA,NA,NA,94.5,2545,6.8,567365,594798,621512,624413,429664,605204,642708,607043,542979,624424,-1.51,"null","null","0.00","1","0","0","null",23,5,"Slider",0,3,0,3,3,0,0,3,"Standard","Strategic",0
"79","FF",2019-04-03,97.6,-1.62,5.66,"Jacob deGrom",594011,594798,"null","foul",NA,NA,NA,NA,8,"null","R","L","R","MIA","NYM","S","null","null",1,2,2019,-0.52,1.37,0.17,2.35,NA,NA,NA,0,3,"Bot",NA,NA,NA,NA,621512,NA,"190403_225812",6.17552821708776,-142.055383811727,-6.76147587893478,-8.73215996916062,35.1476141209959,-11.6703411140602,3.67,1.79,233,NA,NA,99.1,2397,7.3,567365,594798,621512,624413,429664,605204,642708,607043,542979,624424,-1.62,"null","null","null","null","null","null","null",23,4,"4-Seam Fastball",0,3,0,3,3,0,0,3,"Standard","Standard",0
"80","SL",2019-04-03,94.6,-1.44,5.78,"Jacob deGrom",594011,594798,"null","foul_tip",NA,NA,NA,NA,9,"null","R","L","R","MIA","NYM","S","null","null",1,1,2019,0.33,0.61,0.82,2.3,NA,NA,NA,0,3,"Bot",NA,NA,NA,NA,621512,NA,"190403_225752",5.20407077132051,-137.813387130097,-4.81406307578173,3.00454347725051,32.214710194195,-23.3266996475739,3.79,1.79,NA,NA,NA,95.5,2461,6.9,567365,594798,621512,624413,429664,605204,642708,607043,542979,624424,-1.44,"null","null","null","null","null","null","null",23,3,"Slider",0,3,0,3,3,0,0,3,"Standard","Standard",0
"81","FF",2019-04-03,97.5,-1.39,5.67,"Jacob deGrom",594011,594798,"null","ball",NA,NA,NA,NA,14,"null","R","L","R","MIA","NYM","B","null","null",0,1,2019,-0.38,1.48,1.48,2.36,NA,NA,NA,0,3,"Bot",NA,NA,NA,NA,621512,NA,"190403_225733",8.78959594201885,-141.826171975765,-7.02221328658814,-7.51898606895842,35.3270718873775,-9.99104621421821,3.79,1.79,NA,NA,NA,99,2376,7.4,567365,594798,621512,624413,429664,605204,642708,607043,542979,624424,-1.39,"null","null","null","null","null","null","null",23,2,"4-Seam Fastball",0,3,0,3,3,0,0,3,"Standard","Standard",0
"82","FF",2019-04-03,96.6,-1.67,5.69,"Jacob deGrom",594011,594798,"null","called_strike",NA,NA,NA,NA,7,"null","R","L","R","MIA","NYM","S","null","null",0,0,2019,-0.46,1.5,-0.32,1.74,NA,NA,NA,0,3,"Bot",NA,NA,NA,NA,621512,NA,"190403_225716",4.75575530775051,-140.600954598685,-8.59403990341756,-7.36174136051184,34.7365531570213,-9.87632994988802,3.39,1.61,NA,NA,NA,97.9,2315,7.2,567365,594798,621512,624413,429664,605204,642708,607043,542979,624424,-1.67,"null","null","null","null","null","null","null",23,1,"4-Seam Fastball",0,3,0,3,3,0,0,3,"Standard","Standard",0
"83","FF",2019-04-03,98.2,-1.39,5.65,"Jacob deGrom",595453,594798,"field_out","hit_into_play",NA,NA,NA,NA,4,"Chad Wallach pops out to shortstop Amed Rosario.  ","R","R","R","MIA","NYM","X","6","popup",2,2,2019,-0.58,1.49,-0.52,3.06,NA,NA,621446,2,2,"Bot",125.23,146.59,NA,NA,621512,NA,"190403_223856",3.75511829050808,-142.904828271275,-5.05838541911111,-8.9425127592529,34.9272488321417,-10.6121957031664,3.72,1.72,NA,80,69,98.7,2518,6.7,567365,594798,621512,624413,429664,605204,642708,607043,542979,624424,-1.39,"0.002","0.002","0.00","1","0","0","3",15,6,"4-Seam Fastball",0,1,0,1,1,0,0,1,"Standard","Standard",0
"84","FF",2019-04-03,97.4,-1.46,5.71,"Jacob deGrom",595453,594798,"null","ball",NA,NA,NA,NA,11,"null","R","R","R","MIA","NYM","B","null","null",1,2,2019,-0.51,1.45,-0.94,3.2,NA,NA,621446,2,2,"Bot",NA,NA,NA,NA,621512,NA,"190403_223831",2.62319565392217,-141.826041027138,-4.61934431763679,-7.63568710370657,33.9538576121226,-11.5140675729501,3.69,1.72,NA,NA,NA,98.2,2508,6.8,567365,594798,621512,624413,429664,605204,642708,607043,542979,624424,-1.46,"null","null","null","null","null","null","null",15,5,"4-Seam Fastball",0,1,0,1,1,0,0,1,"Standard","Standard",0
"85","SL",2019-04-03,94,-1.32,5.66,"Jacob deGrom",595453,594798,"null","ball",NA,NA,NA,NA,14,"null","R","R","R","MIA","NYM","B","null","null",0,2,2019,0.39,0.65,1.97,1.01,NA,NA,621446,2,2,"Bot",NA,NA,NA,NA,621512,NA,"190403_223810",7.71467113270427,-136.630853952442,-7.82068855058163,3.21894422484738,29.5812971794356,-22.514187083597,3.72,1.69,NA,NA,NA,94.5,2431,6.6,567365,594798,621512,624413,429664,605204,642708,607043,542979,624424,-1.32,"null","null","null","null","null","null","null",15,4,"Slider",0,1,0,1,1,0,0,1,"Standard","Standard",0
"86","FF",2019-04-03,96.9,-1.29,5.64,"Jacob deGrom",595453,594798,"null","foul",NA,NA,NA,NA,6,"null","R","R","R","MIA","NYM","S","null","null",0,2,2019,-0.5,1.49,0.34,2.51,NA,NA,621446,2,2,"Bot",NA,NA,NA,NA,621512,NA,"190403_223743",5.59391447720397,-141.01397074133,-6.3078240665288,-8.16966713045036,34.0591559358729,-10.7256712222014,3.74,1.69,NA,NA,NA,97.7,2378,6.9,567365,594798,621512,624413,429664,605204,642708,607043,542979,624424,-1.29,"null","null","null","null","null","null","null",15,3,"4-Seam Fastball",0,1,0,1,1,0,0,1,"Standard","Standard",0
"87","FF",2019-04-03,97.3,-1.38,5.64,"Jacob deGrom",595453,594798,"null","foul",NA,NA,NA,NA,9,"null","R","R","R","MIA","NYM","S","null","null",0,1,2019,-0.71,1.36,0.65,1.89,NA,NA,621446,2,2,"Bot",NA,NA,NA,NA,621512,NA,"190403_223715",7.20423493288449,-141.398395489624,-7.74601579011628,-11.4086578570377,34.230101860341,-11.9745978920551,3.72,1.67,NA,NA,NA,98.1,2370,6.9,567365,594798,621512,624413,429664,605204,642708,607043,542979,624424,-1.38,"null","null","null","null","null","null","null",15,2,"4-Seam Fastball",0,1,0,1,1,0,0,1,"Standard","Standard",0
"88","FF",2019-04-03,97,-1.42,5.65,"Jacob deGrom",595453,594798,"null","foul",NA,NA,NA,NA,9,"null","R","R","R","MIA","NYM","S","null","null",0,0,2019,-0.58,1.43,0.55,2.1,NA,NA,621446,2,2,"Bot",NA,NA,NA,NA,621512,NA,"190403_223648",6.67802167232724,-141.045599456407,-7.30611685432899,-9.44085454324443,34.9497652251556,-11.3031010271251,3.67,1.69,NA,NA,NA,97.5,2374,6.8,567365,594798,621512,624413,429664,605204,642708,607043,542979,624424,-1.42,"null","null","null","null","null","null","null",15,1,"4-Seam Fastball",0,1,0,1,1,0,0,1,"Standard","Standard",0
"89","FF",2019-04-03,98.3,-1.33,5.68,"Jacob deGrom",621446,594798,"single","hit_into_play_no_out",NA,NA,NA,NA,6,"Lewis Brinson singles on a ground ball to center fielder Keon Broxton.  ","R","R","R","MIA","NYM","X","8","ground_ball",2,2,2019,-0.52,1.43,0.75,2.73,NA,NA,NA,2,2,"Bot",114.32,93.89,NA,NA,621512,NA,"190403_223610",6.91641606225439,-142.921247711094,-5.90495492182381,-8.94053683841253,36.0511999818693,-11.0847342168392,3.76,1.79,81,108.9,2,98.7,2381,6.8,567365,594798,621512,624413,429664,605204,642708,607043,542979,624424,-1.33,"0.578","0.521","0.90","1","1","0","4",14,6,"4-Seam Fastball",0,1,0,1,1,0,0,1,"Standard","Standard",0
"90","FF",2019-04-03,97.8,-1.41,5.71,"Jacob deGrom",621446,594798,"null","foul",NA,NA,NA,NA,6,"null","R","R","R","MIA","NYM","S","null","null",2,2,2019,-0.69,1.36,0.37,2.48,NA,NA,NA,2,2,"Bot",NA,NA,NA,NA,621512,NA,"190403_223540",6.5256302623535,-142.28846173853,-6.46764956905276,-11.1052955670631,34.2481273457828,-12.039494853523,3.72,1.72,NA,NA,NA,98.9,2448,7,567365,594798,621512,624413,429664,605204,642708,607043,542979,624424,-1.41,"null","null","null","null","null","null","null",14,5,"4-Seam Fastball",0,1,0,1,1,0,0,1,"Standard","Standard",0
"91","FF",2019-04-03,97.7,-1.49,5.73,"Jacob deGrom",621446,594798,"null","foul",NA,NA,NA,NA,8,"null","R","R","R","MIA","NYM","S","null","null",2,1,2019,-0.32,1.39,0.14,2.09,NA,NA,NA,2,2,"Bot",NA,NA,NA,NA,621512,NA,"190403_223519",5.09026138256408,-142.056097866781,-7.4220135302478,-5.46102010835284,33.8342873698612,-12.0523464659596,3.69,1.69,NA,NA,NA,97.3,2392,6.2,567365,594798,621512,624413,429664,605204,642708,607043,542979,624424,-1.49,"null","null","null","null","null","null","null",14,4,"4-Seam Fastball",0,1,0,1,1,0,0,1,"Standard","Standard",0
"92","FF",2019-04-03,97.4,-1.49,5.66,"Jacob deGrom",621446,594798,"null","foul",NA,NA,NA,NA,4,"null","R","R","R","MIA","NYM","S","null","null",2,0,2019,-0.42,1.42,-0.58,2.52,NA,NA,NA,2,2,"Bot",NA,NA,NA,NA,621512,NA,"190403_223502",3.47072962029626,-141.857595763997,-6.35466715558952,-6.63405650906398,33.6346656780095,-11.2431834657267,3.69,1.79,NA,NA,NA,98.7,2371,7,567365,594798,621512,624413,429664,605204,642708,607043,542979,624424,-1.49,"null","null","null","null","null","null","null",14,3,"4-Seam Fastball",0,1,0,1,1,0,0,1,"Standard","Standard",0
"93","SL",2019-04-03,93.3,-1.33,5.71,"Jacob deGrom",621446,594798,"null","ball",NA,NA,NA,NA,14,"null","R","R","R","MIA","NYM","B","null","null",1,0,2019,0.47,0.56,1.21,2.71,NA,NA,NA,2,2,"Bot",NA,NA,NA,NA,621512,NA,"190403_223446",5.52210747400905,-135.960468262514,-3.27345698901966,4.79197583539137,28.1853003498564,-24.6193960593993,3.69,1.74,NA,NA,NA,94.2,2485,6.6,567365,594798,621512,624413,429664,605204,642708,607043,542979,624424,-1.33,"null","null","null","null","null","null","null",14,2,"Slider",0,1,0,1,1,0,0,1,"Standard","Standard",0
"94","SL",2019-04-03,94.9,-1.43,5.7,"Jacob deGrom",621446,594798,"null","ball",NA,NA,NA,NA,14,"null","R","R","R","MIA","NYM","B","null","null",0,0,2019,0.1,0.62,1.9,-0.02,NA,NA,NA,2,2,"Bot",NA,NA,NA,NA,621512,NA,"190403_223432",8.54455407941242,-137.713080132352,-10.756800849815,-0.578747451321582,30.2304739470847,-22.0049392537792,3.65,1.69,NA,NA,NA,95.6,2539,6.8,567365,594798,621512,624413,429664,605204,642708,607043,542979,624424,-1.43,"null","null","null","null","null","null","null",14,1,"Slider",0,1,0,1,1,0,0,1,"Standard","Standard",0
"95","FF",2019-04-03,97.4,-1.42,5.73,"Jacob deGrom",595375,594798,"strikeout","swinging_strike",NA,NA,NA,NA,3,"JT Riddle strikes out swinging.  ","R","L","R","MIA","NYM","S","2","null",1,2,2019,-0.57,1.34,0.32,3.28,NA,NA,NA,1,2,"Bot",NA,NA,NA,NA,621512,NA,"190403_223359",6.05468341033635,-141.758046377105,-4.2142441627432,-9.20815973329476,33.2269046644687,-13.1394427517591,3.53,1.79,NA,NA,NA,98.1,2425,6.7,567365,594798,621512,624413,429664,605204,642708,607043,542979,624424,-1.42,"null","null","0.00","1","0","0","null",13,4,"4-Seam Fastball",0,1,0,1,1,0,0,1,"Standard","Standard",0
"96","FF",2019-04-03,98.8,-1.56,5.65,"Jacob deGrom",595375,594798,"null","ball",NA,NA,NA,NA,13,"null","R","L","R","MIA","NYM","B","null","null",0,2,2019,-0.66,1.44,-1.45,2.64,NA,NA,NA,1,2,"Bot",NA,NA,NA,NA,621512,NA,"190403_223339",1.86667302627838,-143.76454539134,-6.13926763291011,-9.59724883239475,35.4296194676536,-10.7962780894511,3.58,1.79,NA,NA,NA,99.1,2436,6.6,567365,594798,621512,624413,429664,605204,642708,607043,542979,624424,-1.56,"null","null","null","null","null","null","null",13,3,"4-Seam Fastball",0,1,0,1,1,0,0,1,"Standard","Standard",0
"97","SL",2019-04-03,94.8,-1.6,5.7,"Jacob deGrom",595375,594798,"null","swinging_strike",NA,NA,NA,NA,14,"null","R","L","R","MIA","NYM","S","null","null",0,1,2019,0.25,0.56,0.92,1.09,NA,NA,NA,1,2,"Bot",NA,NA,NA,NA,621512,NA,"190403_223321",6.07951402981267,-137.924934858326,-7.75045873577702,1.93996678723316,28.9514418511949,-23.4250949657646,3.56,1.74,NA,NA,NA,95.8,2509,6.7,567365,594798,621512,624413,429664,605204,642708,607043,542979,624424,-1.6,"null","null","null","null","null","null","null",13,2,"Slider",0,1,0,1,1,0,0,1,"Standard","Standard",0
"98","CU",2019-04-03,84.9,-1.55,5.82,"Jacob deGrom",595375,594798,"null","called_strike",NA,NA,NA,NA,8,"null","R","L","R","MIA","NYM","S","null","null",0,0,2019,0.45,-0.21,-0.18,2.11,NA,NA,NA,1,2,"Bot",NA,NA,NA,NA,621512,NA,"190403_223307",2.32459078361964,-123.773600254945,-1.98696167970151,4.16589631557238,23.4510869614942,-34.1941910328561,3.58,1.72,NA,NA,NA,85.3,NA,6.3,567365,594798,621512,624413,429664,605204,642708,607043,542979,624424,-1.55,"null","null","null","null","null","null","null",13,1,"Curveball",0,1,0,1,1,0,0,1,"Standard","Standard",0
"99","FF",2019-04-03,98.5,-1.41,5.67,"Jacob deGrom",516770,594798,"field_out","hit_into_play",NA,NA,NA,NA,9,"Starlin Castro lines out to right fielder Michael Conforto.  ","R","R","R","MIA","NYM","X","9","line_drive",0,2,2019,-0.58,1.32,0.6,2.09,NA,NA,NA,0,2,"Bot",NA,NA,NA,NA,621512,NA,"190403_223242",6.98661467925644,-143.372128007258,-7.59061361391037,-9.93292977787655,33.8355568637399,-11.712445122932,3.67,1.65,301,94.8,18,100.4,2561,7.3,567365,594798,621512,624413,429664,605204,642708,607043,542979,624424,-1.41,"0.450","0.487","0.00","1","0","0","4",12,3,"4-Seam Fastball",0,1,0,1,1,0,0,1,"Standard","Standard",0
"100","FF",2019-04-03,96.9,-1.44,5.74,"Jacob deGrom",516770,594798,"null","called_strike",NA,NA,NA,NA,9,"null","R","R","R","MIA","NYM","S","null","null",0,1,2019,-0.58,1.45,0.34,1.76,NA,NA,NA,0,2,"Bot",NA,NA,NA,NA,621512,NA,"190403_223217",6.15704944298563,-140.895779397791,-8.48387190114748,-9.2651771076137,32.6069007877895,-10.8647209262894,3.74,1.76,NA,NA,NA,97.6,2369,6.8,567365,594798,621512,624413,429664,605204,642708,607043,542979,624424,-1.44,"null","null","null","null","null","null","null",12,2,"4-Seam Fastball",0,1,0,1,1,0,0,1,"Standard","Standard",0
"101","FF",2019-04-03,96.5,-1.49,5.7,"Jacob deGrom",516770,594798,"null","called_strike",NA,NA,NA,NA,14,"null","R","R","R","MIA","NYM","S","null","null",0,0,2019,-0.53,1.35,0.87,1.89,NA,NA,NA,0,2,"Bot",NA,NA,NA,NA,621512,NA,"190403_223201",7.61010778472345,-140.374920339259,-7.83137425664557,-8.83903683540973,31.6350302276216,-12.2888524944861,3.72,1.72,NA,NA,NA,97.7,2312,7,567365,594798,621512,624413,429664,605204,642708,607043,542979,624424,-1.49,"null","null","null","null","null","null","null",12,1,"4-Seam Fastball",0,1,0,1,1,0,0,1,"Standard","Standard",0
"102","CU",2019-04-03,86.5,-1.44,5.81,"Jacob deGrom",435522,594798,"strikeout","swinging_strike",NA,NA,NA,NA,14,"Neil Walker strikes out swinging.  ","R","L","R","MIA","NYM","S","2","null",2,2,2019,0.43,-0.16,0.17,1.42,NA,NA,NA,2,1,"Bot",NA,NA,NA,NA,621512,NA,"190403_222044",2.96742369954652,-125.954401143607,-3.89163810535445,3.89108830347055,27.4180588066955,-33.2994883517416,3.6,1.83,NA,NA,NA,86.3,689,6.3,567365,594798,621512,624413,429664,605204,642708,607043,542979,624424,-1.44,"null","null","0.00","1","0","0","null",6,7,"Curveball",0,0,0,0,0,0,0,0,"Infield shift","Standard",0
"103","FF",2019-04-03,98.2,-1.55,5.65,"Jacob deGrom",435522,594798,"null","foul",NA,NA,NA,NA,7,"null","R","L","R","MIA","NYM","S","null","null",2,2,2019,-0.53,1.48,-0.46,2.28,NA,NA,NA,2,1,"Bot",NA,NA,NA,NA,621512,NA,"190403_222019",4.25497126862105,-142.84722605436,-7.18071126788108,-8.36618079057801,34.4128516350553,-10.1048881150352,3.56,1.74,301,NA,NA,98.9,2436,6.8,567365,594798,621512,624413,429664,605204,642708,607043,542979,624424,-1.55,"null","null","null","null","null","null","null",6,6,"4-Seam Fastball",0,0,0,0,0,0,0,0,"Infield shift","Standard",0
"104","SL",2019-04-03,93.6,-1.49,5.73,"Jacob deGrom",435522,594798,"null","foul",NA,NA,NA,NA,14,"null","R","L","R","MIA","NYM","S","null","null",2,2,2019,0.34,0.59,0.91,2.54,NA,NA,NA,2,1,"Bot",NA,NA,NA,NA,621512,NA,"190403_221943",5.50415293244178,-136.392648887644,-3.88663081319602,3.0627008945103,29.839887070114,-23.9714919303537,3.6,1.83,11,NA,NA,94.7,2552,6.8,567365,594798,621512,624413,429664,605204,642708,607043,542979,624424,-1.49,"null","null","null","null","null","null","null",6,5,"Slider",0,0,0,0,0,0,0,0,"Infield shift","Standard",0
"105","FF",2019-04-03,97.5,-1.47,5.7,"Jacob deGrom",435522,594798,"null","foul",NA,NA,NA,NA,6,"null","R","L","R","MIA","NYM","S","null","null",2,1,2019,-0.47,1.49,0.4,2.78,NA,NA,NA,2,1,"Bot",NA,NA,NA,NA,621512,NA,"190403_221921",6.18632477770929,-141.870457581128,-5.84081077217661,-7.87730957435624,32.1093003666187,-10.6556983159329,3.63,1.76,NA,NA,NA,98.4,2373,6.7,567365,594798,621512,624413,429664,605204,642708,607043,542979,624424,-1.47,"null","null","null","null","null","null","null",6,4,"4-Seam Fastball",0,0,0,0,0,0,0,0,"Infield shift","Standard",0
"106","FF",2019-04-03,97.7,-1.5,5.73,"Jacob deGrom",435522,594798,"null","foul",NA,NA,NA,NA,5,"null","R","L","R","MIA","NYM","S","null","null",2,0,2019,-0.64,1.46,-0.2,2.9,NA,NA,NA,2,1,"Bot",NA,NA,NA,NA,621512,NA,"190403_221859",5.06377844290814,-142.229625919848,-5.57513246839253,-10.0203170256872,35.1235422549343,-10.9826862752486,3.65,1.79,NA,NA,NA,98.4,2408,6.8,567365,594798,621512,624413,429664,605204,642708,607043,542979,624424,-1.5,"null","null","null","null","null","null","null",6,3,"4-Seam Fastball",0,0,0,0,0,0,0,0,"Infield shift","Standard",0
"107","FF",2019-04-03,97.4,-1.54,5.7,"Jacob deGrom",435522,594798,"null","ball",NA,NA,NA,NA,13,"null","R","L","R","MIA","NYM","B","null","null",1,0,2019,-0.79,1.61,-1.03,2.5,NA,NA,NA,2,1,"Bot",NA,NA,NA,NA,621512,NA,"190403_221838",3.24192372258685,-141.732507984275,-6.85833147268392,-11.5585417183599,34.7261123218712,-8.77775467168067,3.58,1.79,NA,NA,NA,98.1,2433,6.8,567365,594798,621512,624413,429664,605204,642708,607043,542979,624424,-1.54,"null","null","null","null","null","null","null",6,2,"4-Seam Fastball",0,0,0,0,0,0,0,0,"Infield shift","Standard",0
"108","FF",2019-04-03,97.4,-1.56,5.73,"Jacob deGrom",435522,594798,"null","ball",NA,NA,NA,NA,2,"null","R","L","R","MIA","NYM","B","null","null",0,0,2019,-0.57,1.57,0.22,3.5,NA,NA,NA,2,1,"Bot",NA,NA,NA,NA,621512,NA,"190403_221821",6.17908513982584,-141.765034367349,-4.12181676031465,-9.35064086262982,34.9794849950293,-10.0076322058185,3.64,1.8,NA,NA,NA,98,2455,6.8,567365,594798,621512,624413,429664,605204,642708,607043,542979,624424,-1.56,"null","null","null","null","null","null","null",6,1,"4-Seam Fastball",0,0,0,0,0,0,0,0,"Infield shift","Standard",0
"109","FF",2019-04-03,97.5,-1.5,5.67,"Jacob deGrom",605119,594798,"field_out","hit_into_play",NA,NA,NA,NA,6,"Brian Anderson flies out to right fielder Michael Conforto.  ","R","R","R","MIA","NYM","X","9","fly_ball",0,0,2019,-0.53,1.54,0.63,2.61,NA,NA,NA,1,1,"Bot",202.07,94.09,NA,NA,621512,NA,"190403_221753",7.04756355670782,-141.798078858019,-6.37053659696076,-8.90395513889908,34.3476145700109,-9.66302006674882,3.51,1.67,299,96.9,46,98.4,2442,6.9,567365,594798,621512,624413,429664,605204,642708,607043,542979,624424,-1.5,"0.012","0.012","0.00","1","0","0","3",5,1,"4-Seam Fastball",0,0,0,0,0,0,0,0,"Standard","Standard",0
"110","FF",2019-04-03,97.3,-1.67,5.72,"Jacob deGrom",434158,594798,"strikeout","swinging_strike",NA,NA,NA,NA,1,"Curtis Granderson strikes out swinging.  ","R","L","R","MIA","NYM","S","2","null",2,2,2019,-0.42,1.53,-0.61,2.87,NA,NA,NA,0,1,"Bot",NA,NA,NA,NA,621512,NA,"190403_221706",3.88308115317513,-141.627123592454,-5.73358036127101,-6.62147702128473,34.2282302201688,-10.1478740299513,3.28,1.57,NA,NA,NA,98.1,2412,6.9,567365,594798,621512,624413,429664,605204,642708,607043,542979,624424,-1.67,"null","null","0.00","1","0","0","null",4,5,"4-Seam Fastball",0,0,0,0,0,0,0,0,"Infield shift","Standard",0
"111","FF",2019-04-03,98.1,-1.57,5.71,"Jacob deGrom",434158,594798,"null","ball",NA,NA,NA,NA,11,"null","R","L","R","MIA","NYM","B","null","null",1,2,2019,-0.49,1.59,-1.38,3.73,NA,NA,NA,0,1,"Bot",NA,NA,NA,NA,621512,NA,"190403_221649",1.68392950623799,-142.934306305269,-3.6280524247597,-7.1793501560988,35.0862554303505,-9.53188571576647,3.28,1.57,NA,NA,NA,98.8,2487,6.8,567365,594798,621512,624413,429664,605204,642708,607043,542979,624424,-1.57,"null","null","null","null","null","null","null",4,4,"4-Seam Fastball",0,0,0,0,0,0,0,0,"Infield shift","Standard",0
"112","CH",2019-04-03,91,-1.53,5.72,"Jacob deGrom",434158,594798,"null","swinging_strike",NA,NA,NA,NA,7,"null","R","L","R","MIA","NYM","S","null","null",1,1,2019,-1.26,0.8,-0.53,2.06,NA,NA,NA,0,1,"Bot",NA,NA,NA,NA,621512,NA,"190403_221633",5.28073871480892,-132.459675719761,-5.02450903219274,-16.085270110185,28.9096261423759,-21.771446313959,3.28,1.55,NA,NA,NA,91.6,1710,6.7,567365,594798,621512,624413,429664,605204,642708,607043,542979,624424,-1.53,"null","null","null","null","null","null","null",4,3,"Changeup",0,0,0,0,0,0,0,0,"Infield shift","Standard",0
"113","FF",2019-04-03,97.3,-1.77,5.73,"Jacob deGrom",434158,594798,"null","ball",NA,NA,NA,NA,11,"null","R","L","R","MIA","NYM","B","null","null",0,1,2019,-0.55,1.51,-1.1,3.56,NA,NA,NA,0,1,"Bot",NA,NA,NA,NA,621512,NA,"190403_221620",3.12276946462755,-141.795970905973,-3.86334680803517,-8.26027080426261,35.0582711568052,-10.7933473589151,3.3,1.55,NA,NA,NA,98.1,2443,6.9,567365,594798,621512,624413,429664,605204,642708,607043,542979,624424,-1.77,"null","null","null","null","null","null","null",4,2,"4-Seam Fastball",0,0,0,0,0,0,0,0,"Infield shift","Standard",0
"114","FF",2019-04-03,96.5,-1.73,5.65,"Jacob deGrom",434158,594798,"null","called_strike",NA,NA,NA,NA,4,"null","R","L","R","MIA","NYM","S","null","null",0,0,2019,-0.59,1.48,-0.49,2.18,NA,NA,NA,0,1,"Bot",NA,NA,NA,NA,621512,NA,"190403_221607",4.74473994296184,-140.485133846682,-7.14339850883138,-9.06615483503017,33.2907090680743,-10.8000766040558,3.32,1.55,NA,NA,NA,97.3,2347,6.8,567365,594798,621512,624413,429664,605204,642708,607043,542979,624424,-1.73,"null","null","null","null","null","null","null",4,1,"4-Seam Fastball",0,0,0,0,0,0,0,0,"Infield shift","Standard",0
"115","FF",2019-03-28,96.4,-1.37,5.56,"Jacob deGrom",475582,594798,"field_out","hit_into_play",NA,NA,NA,NA,2,"Ryan Zimmerman flies out to right fielder Michael Conforto.  ","R","R","R","WSH","NYM","X","9","fly_ball",0,0,2019,-0.29,1.36,-0.24,3.15,607208,NA,NA,2,6,"Bot",160.74,82.86,NA,NA,467092,NA,"190328_184317",3.72334016858975,-140.450948507723,-4.02487103470217,-4.76920190542257,34.6814200608891,-13.1214240513297,3.4,1.56,286,89,41,97.3,2385,6.9,565895,594798,467092,624413,429664,643446,642708,607043,501571,624424,-1.37,"0.015","0.019","0.00","1","0","0","3",44,1,"4-Seam Fastball",0,1,0,1,1,0,0,1,"Standard","Standard",0
"116","CH",2019-03-28,88.2,-1.34,5.41,"Jacob deGrom",665742,594798,"strikeout","swinging_strike",NA,NA,NA,NA,13,"Juan Soto strikes out swinging.  ","R","L","R","WSH","NYM","S","2","null",3,2,2019,-1.21,0.6,-0.6,1.29,607208,NA,NA,1,6,"Bot",NA,NA,NA,NA,467092,NA,"190328_184231",4.46452868711752,-128.476980964305,-5.30338680357764,-14.6740775981726,26.8386079301645,-24.3730348925076,3.4,1.57,NA,NA,NA,89.7,1714,7.2,565895,594798,467092,624413,429664,643446,642708,607043,501571,624424,-1.34,"null","null","0.00","1","0","0","null",43,6,"Changeup",0,1,0,1,1,0,0,1,"Strategic","Standard",0
"117","SL",2019-03-28,91.6,-1.57,5.48,"Jacob deGrom",665742,594798,"null","ball",NA,NA,NA,NA,11,"null","R","L","R","WSH","NYM","B","null","null",2,2,2019,0.1,0.47,-1.39,2.54,NA,607208,NA,1,6,"Bot",NA,NA,NA,NA,467092,NA,"190328_184156",0.218069111772535,-133.518558918564,-2.60748819942278,1.18781537440624,30.4948313677006,-26.0916293555121,2.86,1.39,NA,NA,NA,92.4,2363,6.8,565895,594798,467092,624413,429664,643446,642708,607043,501571,624424,-1.57,"null","null","null","null","null","null","null",43,5,"Slider",0,1,0,1,1,0,0,1,"Standard","Standard",0
"118","FF",2019-03-28,95.5,-1.36,5.48,"Jacob deGrom",665742,594798,"null","called_strike",NA,NA,NA,NA,4,"null","R","L","R","WSH","NYM","S","null","null",2,1,2019,-0.4,1.52,-0.74,2.28,NA,607208,NA,1,6,"Bot",NA,NA,NA,NA,467092,NA,"190328_184125",2.63436790568236,-139.118701169995,-6.41921020984722,-5.97470547529298,34.0300727084329,-10.5419255123985,3.07,1.55,NA,NA,NA,96.9,2314,7.3,565895,594798,467092,624413,429664,643446,642708,607043,501571,624424,-1.36,"null","null","null","null","null","null","null",43,4,"4-Seam Fastball",0,1,0,1,1,0,0,1,"Standard","Standard",0
"119","FF",2019-03-28,95.5,-1.29,5.54,"Jacob deGrom",665742,594798,"null","ball",NA,NA,NA,NA,12,"null","R","L","R","WSH","NYM","B","null","null",1,1,2019,-0.56,1.42,0.54,4.42,NA,607208,NA,1,6,"Bot",NA,NA,NA,NA,467092,NA,"190328_184057",6.18190880155123,-139.012866033176,-0.571642858308094,-8.7999656023149,33.0824220436203,-13.4546967015054,3.02,1.56,NA,NA,NA,96.5,2334,7,565895,594798,467092,624413,429664,643446,642708,607043,501571,624424,-1.29,"null","null","null","null","null","null","null",43,3,"4-Seam Fastball",0,1,0,1,1,0,0,1,"Standard","Standard",0
"120","SL",2019-03-28,89.8,-1.16,5.61,"Jacob deGrom",665742,594798,"null","called_strike",NA,NA,NA,NA,12,"null","R","L","R","WSH","NYM","S","null","null",1,0,2019,0.13,0.4,0.3,3.37,NA,607208,NA,1,6,"Bot",NA,NA,NA,NA,467092,NA,"190328_184026",3.37125658352489,-130.897385391538,-0.458741497783717,0.805918353263769,27.0934570347444,-27.5573500091887,3.17,1.54,NA,NA,NA,90.9,2268,6.8,565895,594798,467092,624413,429664,643446,642708,607043,501571,624424,-1.16,"null","null","null","null","null","null","null",43,2,"Slider",0,1,0,1,1,0,0,1,"Standard","Standard",0
"121","FF",2019-03-28,95.5,-1.48,5.47,"Jacob deGrom",665742,594798,"null","ball",NA,NA,NA,NA,11,"null","R","L","R","WSH","NYM","B","null","null",0,0,2019,-0.52,1.32,-0.46,3.97,NA,607208,NA,1,6,"Bot",NA,NA,NA,NA,467092,NA,"190328_184000",3.96481480446006,-139.309536047545,-1.45534327341218,-7.8334199808621,30.2000693229163,-14.2774632809705,3.08,1.56,NA,NA,NA,97.4,2290,7.2,565895,594798,467092,624413,429664,643446,642708,607043,501571,624424,-1.48,"null","null","null","null","null","null","null",43,1,"4-Seam Fastball",0,1,0,1,1,0,0,1,"Standard","Standard",0
"122","CH",2019-03-28,87.2,-1.19,5.48,"Jacob deGrom",543685,594798,"field_out","hit_into_play",NA,NA,NA,NA,9,"Anthony Rendon grounds out, shortstop Amed Rosario to first baseman Pete Alonso.  ","R","R","R","WSH","NYM","X","6","ground_ball",3,2,2019,-1.2,0.21,0.75,2.04,NA,607208,NA,0,6,"Bot",107.78,159.33,NA,NA,467092,NA,"190328_183848",7.38850190963154,-127.033543208617,-2.67249460621579,-14.9140848090484,24.4948620976723,-29.4531119978212,3.4,1.57,62,81.4,4,89.3,1924,7.4,565895,594798,467092,624413,429664,643446,642708,607043,501571,624424,-1.19,"0.285","0.272","0.00","1","0","0","2",42,7,"Changeup",0,1,0,1,1,0,0,1,"Standard","Standard",0
"123","FF",2019-03-28,96.5,-1.32,5.53,"Jacob deGrom",543685,594798,"null","foul",NA,NA,NA,NA,2,"null","R","R","R","WSH","NYM","S","null","null",3,2,2019,-0.35,1.5,0,2.98,NA,607208,NA,0,6,"Bot",NA,NA,NA,NA,467092,NA,"190328_183815",4.3672394157475,-140.583468259619,-4.73919084188771,-5.69741844918042,29.6755550372858,-11.171172247642,3.4,1.56,NA,NA,NA,97.5,2381,6.7,565895,594798,467092,624413,429664,643446,642708,607043,501571,624424,-1.32,"null","null","null","null","null","null","null",42,6,"4-Seam Fastball",0,1,0,1,1,0,0,1,"Standard","Standard",0
"124","FF",2019-03-28,96.6,-1.33,5.49,"Jacob deGrom",543685,594798,"null","ball",NA,NA,NA,NA,12,"null","R","R","R","WSH","NYM","B","null","null",2,2,2019,-0.5,1.56,1.7,3.26,NA,607208,NA,0,6,"Bot",NA,NA,NA,NA,467092,NA,"190328_183742",9.28947812025196,-140.569191791334,-4.04036608199591,-8.6448072567536,29.4582295152798,-10.3695868834281,3.19,1.47,NA,NA,NA,97.8,2462,6.8,565895,594798,467092,624413,429664,643446,642708,607043,501571,624424,-1.33,"null","null","null","null","null","null","null",42,5,"4-Seam Fastball",0,1,0,1,1,0,0,1,"Standard","Standard",0
"125","SL",2019-03-28,90.9,-1.47,5.56,"Jacob deGrom",543685,594798,"null","foul",NA,NA,NA,NA,5,"null","R","R","R","WSH","NYM","S","null","null",2,1,2019,0.26,0.56,-0.02,2.82,NA,607208,NA,0,6,"Bot",NA,NA,NA,NA,467092,NA,"190328_183710",3.10124266140713,-132.526997147507,-2.24977222655213,2.55390132445809,26.2489293938084,-25.1338004502216,3.4,1.56,183,NA,NA,92.1,2465,6.7,565895,594798,467092,624413,429664,643446,642708,607043,501571,624424,-1.47,"null","null","null","null","null","null","null",42,4,"Slider",0,1,0,1,1,0,0,1,"Strategic","Standard",0
"126","CH",2019-03-28,87,-1.26,5.53,"Jacob deGrom",543685,594798,"null","swinging_strike",NA,NA,NA,NA,8,"null","R","R","R","WSH","NYM","S","null","null",2,0,2019,-1.09,0.23,0.01,1.47,NA,607208,NA,0,6,"Bot",NA,NA,NA,NA,467092,NA,"190328_183617",5.49041975807528,-126.866484607307,-4.19180854791587,-13.3435026551089,24.0367427197956,-28.9956341140023,3.4,1.56,NA,NA,NA,89.2,1784,7.4,565895,594798,467092,624413,429664,643446,642708,607043,501571,624424,-1.26,"null","null","null","null","null","null","null",42,3,"Changeup",0,1,0,1,1,0,0,1,"Standard","Standard",0
"127","FF",2019-03-28,94.2,-1.36,5.45,"Jacob deGrom",543685,594798,"null","ball",NA,NA,NA,NA,12,"null","R","R","R","WSH","NYM","B","null","null",1,0,2019,-0.44,1.36,1.21,3.03,NA,NA,607208,0,6,"Bot",NA,NA,NA,NA,467092,NA,"190328_183526",7.74206542346781,-137.059280781593,-3.69914029827747,-7.35919652336435,30.2021342409418,-14.0870103386081,3.23,1.49,NA,NA,NA,95.3,2242,6.9,565895,594798,467092,624413,429664,643446,642708,607043,501571,624424,-1.36,"null","null","null","null","null","null","null",42,2,"4-Seam Fastball",0,1,0,1,1,0,0,1,"Standard","Standard",0
"128","SL",2019-03-28,88.1,-1.43,5.66,"Jacob deGrom",543685,594798,"null","ball",NA,NA,NA,NA,12,"null","R","R","R","WSH","NYM","B","null","null",0,0,2019,0.32,0.52,1.15,3.17,NA,NA,607208,0,6,"Bot",NA,NA,NA,NA,467092,NA,"190328_183458",5.65423208430138,-128.304868828752,-1.11557851954242,2.48961760026994,24.6522147643784,-26.2942863356486,3.25,1.51,NA,NA,NA,89.1,2450,6.7,565895,594798,467092,624413,429664,643446,642708,607043,501571,624424,-1.43,"null","null","null","null","null","null","null",42,1,"Slider",0,1,0,1,1,0,0,1,"Standard","Standard",0
"129","FF",2019-03-28,94.9,-1.54,5.54,"Jacob deGrom",607208,594798,"single","hit_into_play_no_out",NA,NA,NA,NA,7,"Trea Turner singles on a ground ball to left fielder Brandon Nimmo.  ","R","R","R","WSH","NYM","X","7","ground_ball",0,1,2019,-0.71,1.51,-0.31,1.92,NA,NA,NA,0,6,"Bot",79.34,104.98,NA,NA,467092,NA,"190328_183352",4.94775232447751,-138.212316685183,-7.46349973637872,-10.5008818298873,30.0618469626114,-10.7244402877385,3.46,1.59,162,100.3,6,96.8,2446,7.3,565895,594798,467092,624413,429664,643446,642708,607043,501571,624424,-1.54,"0.588","0.531","0.90","1","1","0","4",41,2,"4-Seam Fastball",0,1,0,1,1,0,0,1,"Standard","Standard",0
"130","FF",2019-03-28,95.5,-1.36,5.57,"Jacob deGrom",607208,594798,"null","foul",NA,NA,NA,NA,6,"null","R","R","R","WSH","NYM","S","null","null",0,0,2019,-0.59,1.5,0.78,2.84,NA,NA,NA,0,6,"Bot",NA,NA,NA,NA,467092,NA,"190328_183331",7.10431365779014,-139.091367683888,-5.13100617750311,-9.428013051647,30.0490832082349,-11.2221251739854,3.46,1.59,NA,NA,NA,97.1,2473,7.1,565895,594798,467092,624413,429664,643446,642708,607043,501571,624424,-1.36,"null","null","null","null","null","null","null",41,1,"4-Seam Fastball",0,1,0,1,1,0,0,1,"Standard","Standard",0
"131","FF",2019-03-28,96.6,-1.47,5.41,"Jacob deGrom",594809,594798,"strikeout","swinging_strike",NA,NA,NA,NA,2,"Adam Eaton strikes out swinging.  ","R","L","R","WSH","NYM","S","2","null",3,2,2019,-0.4,1.43,-0.04,3,NA,NA,NA,2,5,"Bot",NA,NA,NA,NA,467092,NA,"190328_182522",4.78770146066836,-140.777876522227,-4.30640721785196,-6.44961538031484,29.1641292125062,-11.896670004421,3.28,1.49,NA,NA,NA,98.2,2361,6.9,565895,594798,467092,624413,429664,643446,642708,607043,501571,624424,-1.47,"null","null","0.00","1","0","0","null",37,6,"4-Seam Fastball",0,1,0,1,1,0,0,1,"Standard","Standard",0
"132","SL",2019-03-28,90.9,-1.45,5.54,"Jacob deGrom",594809,594798,"null","foul",NA,NA,NA,NA,6,"null","R","L","R","WSH","NYM","S","null","null",3,1,2019,-0.09,0.55,0.56,2.16,NA,NA,NA,2,5,"Bot",NA,NA,NA,NA,467092,NA,"190328_182502",5.28318914484871,-132.477878557039,-3.8488946263899,-2.12885209356394,26.4063395410118,-24.9594116101221,3.28,1.49,12,NA,NA,92.3,2513,6.9,565895,594798,467092,624413,429664,643446,642708,607043,501571,624424,-1.45,"null","null","null","null","null","null","null",37,5,"Slider",0,1,0,1,1,0,0,1,"Standard","Standard",0
"133","FT",2019-03-28,94.1,-1.39,5.45,"Jacob deGrom",594809,594798,"null","called_strike",NA,NA,NA,NA,5,"null","R","L","R","WSH","NYM","S","null","null",3,0,2019,-0.79,1.11,-0.1,2.14,NA,NA,NA,2,5,"Bot",NA,NA,NA,NA,467092,NA,"190328_182446",5.19691102709318,-137.112613878757,-5.48162927242731,-11.2557259445345,29.0089295585702,-16.954706063198,2.97,1.41,NA,NA,NA,95.4,2275,6.9,565895,594798,467092,624413,429664,643446,642708,607043,501571,624424,-1.39,"null","null","null","null","null","null","null",37,4,"2-Seam Fastball",0,1,0,1,1,0,0,1,"Standard","Standard",0
"134","FF",2019-03-28,95.3,-1.43,5.5,"Jacob deGrom",594809,594798,"null","ball",NA,NA,NA,NA,12,"null","R","L","R","WSH","NYM","B","null","null",2,0,2019,-0.61,1.18,0.82,3.4,NA,NA,NA,2,5,"Bot",NA,NA,NA,NA,467092,NA,"190328_182430",7.41090071836357,-138.775055608097,-2.63303319769866,-9.71393119287582,30.5561392012547,-16.2304035500986,3,1.43,NA,NA,NA,96.5,2345,6.9,565895,594798,467092,624413,429664,643446,642708,607043,501571,624424,-1.43,"null","null","null","null","null","null","null",37,3,"4-Seam Fastball",0,1,0,1,1,0,0,1,"Standard","Standard",0
"135","FF",2019-03-28,95.5,-1.46,5.49,"Jacob deGrom",594809,594798,"null","ball",NA,NA,NA,NA,11,"null","R","L","R","WSH","NYM","B","null","null",1,0,2019,-0.69,1.17,-0.38,4.16,NA,NA,NA,2,5,"Bot",NA,NA,NA,NA,467092,NA,"190328_182413",4.45413951524832,-139.217935698732,-0.586433845880691,-10.0746203511582,30.6471790275318,-16.7787728048377,3.14,1.47,NA,NA,NA,96.5,2384,6.7,565895,594798,467092,624413,429664,643446,642708,607043,501571,624424,-1.46,"null","null","null","null","null","null","null",37,2,"4-Seam Fastball",0,1,0,1,1,0,0,1,"Standard","Standard",0
"136","CU",2019-03-28,83.2,-1.45,5.62,"Jacob deGrom",594809,594798,"null","ball",NA,NA,NA,NA,12,"null","R","L","R","WSH","NYM","B","null","null",0,0,2019,0.72,-0.04,1.11,3.28,NA,NA,NA,2,5,"Bot",NA,NA,NA,NA,467092,NA,"190328_182356",4.47558332288012,-121.318974150274,1.01114441755759,6.54206836438482,18.1564087050234,-32.8926998180137,2.92,1.34,NA,NA,NA,84.2,NA,6.3,565895,594798,467092,624413,429664,643446,642708,607043,501571,624424,-1.45,"null","null","null","null","null","null","null",37,1,"Curveball",0,1,0,1,1,0,0,1,"Standard","Standard",0
"137","FT",2019-03-28,94.6,-1.22,5.57,"Jacob deGrom",645302,594798,"strikeout","called_strike",NA,NA,NA,NA,14,"Victor Robles called out on strikes.  ","R","R","R","WSH","NYM","S","2","null",1,2,2019,-0.92,1.24,0.98,1.83,NA,NA,NA,1,5,"Bot",NA,NA,NA,NA,467092,NA,"190328_182325",7.92408972573623,-137.602758609494,-6.98022949134066,-13.5677711882986,28.8099807405193,-14.7905324829662,3.24,1.46,NA,NA,NA,95.9,2280,6.9,565895,594798,467092,624413,429664,643446,642708,607043,501571,624424,-1.22,"null","null","0.00","1","0","0","null",36,4,"2-Seam Fastball",0,1,0,1,1,0,0,1,"Standard","Standard",0
"138","FF",2019-03-28,96.7,-1.37,5.47,"Jacob deGrom",645302,594798,"null","ball",NA,NA,NA,NA,11,"null","R","R","R","WSH","NYM","B","null","null",0,2,2019,-0.43,1.25,-0.02,4.18,NA,NA,NA,1,5,"Bot",NA,NA,NA,NA,467092,NA,"190328_182310",4.64750576537892,-140.929721024581,-0.789179580852931,-6.88413276166716,31.4180589402872,-15.3192046215177,3.26,1.51,NA,NA,NA,97.7,2384,6.7,565895,594798,467092,624413,429664,643446,642708,607043,501571,624424,-1.37,"null","null","null","null","null","null","null",36,3,"4-Seam Fastball",0,1,0,1,1,0,0,1,"Standard","Standard",0
"139","FF",2019-03-28,96.2,-1.44,5.5,"Jacob deGrom",645302,594798,"null","foul",NA,NA,NA,NA,11,"null","R","R","R","WSH","NYM","S","null","null",0,1,2019,-0.69,1.28,-0.36,3.68,NA,NA,NA,1,5,"Bot",NA,NA,NA,NA,467092,NA,"190328_182251",4.50075162165358,-140.224328770817,-2.21589513942153,-10.2673545550323,31.1746610047083,-14.8135638890304,3.36,1.54,98,NA,NA,97.2,2364,6.7,565895,594798,467092,624413,429664,643446,642708,607043,501571,624424,-1.44,"null","null","null","null","null","null","null",36,2,"4-Seam Fastball",0,1,0,1,1,0,0,1,"Standard","Standard",0
"140","FF",2019-03-28,95.3,-1.42,5.46,"Jacob deGrom",645302,594798,"null","swinging_strike",NA,NA,NA,NA,5,"null","R","R","R","WSH","NYM","S","null","null",0,0,2019,-0.59,1.58,0.01,2.66,NA,NA,NA,1,5,"Bot",NA,NA,NA,NA,467092,NA,"190328_182236",5.13326002935407,-138.792533553587,-5.36300457333057,-8.84407169048046,30.6340189394944,-10.5130114820238,3.36,1.53,NA,NA,NA,96.2,2413,6.7,565895,594798,467092,624413,429664,643446,642708,607043,501571,624424,-1.42,"null","null","null","null","null","null","null",36,1,"4-Seam Fastball",0,1,0,1,1,0,0,1,"Standard","Standard",0
"141","FF",2019-03-28,96.4,-1.39,5.59,"Jacob deGrom",453286,594798,"strikeout","swinging_strike",NA,NA,NA,NA,11,"Max Scherzer strikes out swinging.  ","R","R","R","WSH","NYM","S","2","null",0,2,2019,-0.67,1.42,-0.97,3.73,NA,NA,NA,0,5,"Bot",NA,NA,NA,NA,467092,NA,"190328_182204",2.67329179017552,-140.394459016029,-2.63992828208356,-9.54852786394749,31.4832004757613,-12.840111037583,3.48,1.6,NA,NA,NA,96.9,2356,6.5,565895,594798,467092,624413,429664,643446,642708,607043,501571,624424,-1.39,"null","null","0.00","1","0","0","null",35,3,"4-Seam Fastball",0,1,0,1,1,0,0,1,"Standard","Strategic",0
